IDfg,fWAR,key_fangraphs,key_bbref,IDbref,Season,Name,bWAR,diff
16252,6.9,16252,turnetr01,turnetr01,2021,Trea Turner,6.470000000000001,0.4299999999999997
19611,6.7,19611,guerrvl02,guerrvl02,2021,Vladimir Guerrero Jr.,6.81,-0.10999999999999943
11579,6.6,11579,harpebr03,harpebr03,2021,Bryce Harper,5.86,0.7399999999999993
20123,6.6,20123,sotoju01,sotoju01,2021,Juan Soto,7.12,-0.5200000000000005
12533,6.6,12533,semiema01,semiema01,2021,Marcus Semien,7.25,-0.6500000000000004
13510,6.3,13510,ramirjo01,ramirjo01,2021,Jose Ramirez,6.73,-0.4300000000000006
19709,6.1,19709,tatisfe02,tatisfe02,2021,Fernando Tatis Jr.,6.61,-0.5100000000000007
14162,5.8,14162,correca01,correca01,2021,Carlos Correa,7.23,-1.4300000000000006
15640,5.5,15640,judgeaa01,judgeaa01,2021,Aaron Judge,6.04,-0.54
19326,5.5,19326,reynobr01,reynobr01,2021,Bryan Reynolds,5.96,-0.45999999999999996
5343,5.5,5343,crawfbr01,crawfbr01,2021,Brandon Crawford,6.07,-0.5700000000000003
9241,5.5,9241,martest01,martest01,2021,Starling Marte,4.73,0.7699999999999996
15711,5.4,15711,oneilty01,oneilty01,2021,Tyler O'Neill,6.26,-0.8599999999999994
17929,5.3,17929,mullice01,mullice01,2021,Cedric Mullins,5.69,-0.39000000000000057
12161,5.2,12161,bogaexa01,bogaexa01,2021,Xander Bogaerts,4.88,0.3200000000000003
18882,5.2,18882,lowebr01,lowebr01,2021,Brandon Lowe,4.68,0.5200000000000005
5417,5.2,5417,altuvjo01,altuvjo01,2021,Jose Altuve,4.43,0.7700000000000005
19755,5.1,19755,ohtansh01,ohtansh01,2021,Shohei Ohtani,4.93,0.16999999999999993
14344,5.0,14344,olsonma02,olsonma02,2021,Matt Olson,5.8,-0.7999999999999998
13301,4.9,13301,muncyma01,muncyma01,2021,Max Muncy,4.93,-0.02999999999999936
9166,4.9,9166,poseybu01,poseybu01,2021,Buster Posey,3.48,1.4200000000000004
9218,4.9,9218,goldspa01,goldspa01,2021,Paul Goldschmidt,6.14,-1.2399999999999993
19612,4.9,19612,bichebo01,bichebo01,2021,Bo Bichette,5.88,-0.9799999999999995
18345,4.8,18345,tuckeky01,tuckeky01,2021,Kyle Tucker,5.71,-0.9100000000000001
17350,4.7,17350,deverra01,deverra01,2021,Rafael Devers,3.52,1.1800000000000002
19197,4.6,19197,smithwi05,smithwi05,2021,Will Smith,3.48,1.1199999999999997
5361,4.5,5361,freemfr01,freemfr01,2021,Freddie Freeman,4.65,-0.15000000000000036
13265,4.5,13265,zuninmi01,zuninmi01,2021,Mike Zunino,3.75,0.75
17232,4.5,17232,moncayo01,moncayo01,2021,Yoan Moncada,4.04,0.45999999999999996
11493,4.4,11493,machama01,machama01,2021,Manny Machado,5.04,-0.6399999999999997
18036,4.4,18036,croneja01,croneja01,2021,Jake Cronenworth,4.8,-0.39999999999999947
11739,4.4,11739,realmjt01,realmjt01,2021,J.T. Realmuto,3.49,0.9100000000000001
19339,4.4,19339,lopezni01,lopezni01,2021,Nicky Lopez,4.26,0.14000000000000057
15172,4.3,15172,anderti01,anderti01,2021,Tim Anderson,4.79,-0.4900000000000002
14161,4.2,14161,buxtoby01,buxtoby01,2021,Byron Buxton,4.54,-0.33999999999999986
18401,4.2,18401,acunaro01,acunaro01,2021,Ronald Acuna Jr.,3.57,0.6300000000000003
11737,4.2,11737,casteni01,casteni01,2021,Nick Castellanos,3.24,0.96
18360,4.2,18360,rileyau01,rileyau01,2021,Austin Riley,6.09,-1.8899999999999997
16556,4.2,16556,albieoz01,albieoz01,2021,Ozzie Albies,3.42,0.7800000000000002
15986,4.1,15986,adamewi01,adamewi01,2021,Willy Adames,4.17,-0.07000000000000028
5235,4.0,5235,turneju01,turneju01,2021,Justin Turner,3.68,0.31999999999999984
9777,4.0,9777,arenano01,arenano01,2021,Nolan Arenado,4.14,-0.13999999999999968
13066,3.9,13066,hernate01,hernate01,2021,Teoscar Hernandez,3.87,0.029999999999999805
13611,3.9,13611,bettsmo01,bettsmo01,2021,Mookie Betts,4.15,-0.25000000000000044
21523,3.9,21523,indiajo01,indiajo01,2021,Jonathan India,3.88,0.020000000000000018
13152,3.9,13152,polanjo01,polanjo01,2021,Jorge Polanco,4.92,-1.02
10472,3.9,10472,hernaen02,hernaen02,2021,Enrique Hernandez,4.87,-0.9700000000000002
11368,3.7,11368,grandya01,grandya01,2021,Yasmani Grandal,3.73,-0.029999999999999805
13624,3.7,13624,seageco01,seageco01,2021,Corey Seager,3.69,0.010000000000000231
19556,3.7,19556,alvaryo01,alvaryo01,2021,Yordan Álvarez,3.04,0.6600000000000001
17620,3.7,17620,strawmy01,strawmy01,2021,Myles Straw,3.2199999999999998,0.4800000000000004
4314,3.6,4314,vottojo01,vottojo01,2021,Joey Votto,3.5,0.10000000000000009
15429,3.6,15429,bryankr01,bryankr01,2021,Kris Bryant,3.26,0.3400000000000003
12979,3.6,12979,baezja01,baezja01,2021,Javier Baez,4.53,-0.9300000000000002
12927,3.5,12927,nimmobr01,nimmobr01,2021,Brandon Nimmo,3.55,-0.04999999999999982
17982,3.5,17982,francty01,francty01,2021,Ty France,4.34,-0.8399999999999999
14128,3.5,14128,gallojo01,gallojo01,2021,Joey Gallo,4.65,-1.1500000000000004
12564,3.5,12564,storytr01,storytr01,2021,Trevor Story,4.21,-0.71
7304,3.4,7304,perezsa02,perezsa02,2021,Salvador Perez,5.29,-1.8900000000000001
19198,3.4,19198,gourryu01,gourryu01,2021,Yuli Gurriel,3.73,-0.33000000000000007
18030,3.4,18030,baderha01,baderha01,2021,Harrison Bader,3.89,-0.4900000000000002
15223,3.4,15223,fraziad01,fraziad01,2021,Adam Frazier,4.02,-0.6199999999999997
16505,3.4,16505,chapmma01,chapmma01,2021,Matt Chapman,3.53,-0.1299999999999999
10264,3.3,10264,beltbr01,beltbr01,2021,Brandon Belt,2.65,0.6499999999999999
19290,3.3,19290,arozara01,arozara01,2021,Randy Arozarena,4.09,-0.79
19352,3.3,19352,murphse01,murphse01,2021,Sean Murphy,2.72,0.5799999999999996
13590,3.2,13590,winkeje01,winkeje01,2021,Jesse Winker,2.73,0.4700000000000002
20043,3.2,20043,roberlu01,roberlu01,2021,Luis Robert,3.59,-0.3899999999999997
13621,3.2,13621,candeje01,candeje01,2021,Jeimer Candelario,3.8,-0.5999999999999996
18314,3.2,18314,swansda01,swansda01,2021,Dansby Swanson,1.86,1.34
11281,3.2,11281,merriwh01,merriwh01,2021,Whit Merrifield,3.62,-0.41999999999999993
16478,3.1,16478,schwaky01,schwaky01,2021,Kyle Schwarber,3.16,-0.06000000000000005
13757,3.1,13757,tayloch03,tayloch03,2021,Chris Taylor,2.59,0.5100000000000002
15491,3.1,15491,crawfjp01,crawfjp01,2021,J.P. Crawford,3.79,-0.69
9256,3.0,9256,polloaj01,polloaj01,2021,AJ Pollock,3.06,-0.06000000000000005
19251,3.0,19251,alonspe01,alonspe01,2021,Pete Alonso,4.16,-1.1600000000000001
6153,3.0,6153,escobed01,escobed01,2021,Eduardo Escobar,2.4299999999999997,0.5700000000000003
13613,2.9,13613,marteke01,marteke01,2021,Ketel Marte,1.8,1.0999999999999999
6184,2.9,6184,martijd02,martijd02,2021,J.D. Martinez,2.98,-0.08000000000000007
15676,2.9,15676,abreujo02,abreujo02,2021,José Abreu,3.01,-0.10999999999999988
5760,2.9,5760,garciav01,garciav01,2021,Avisail Garcia,2.9,0.0
12532,2.9,12532,wongko01,wongko01,2021,Kolten Wong,3.26,-0.3599999999999999
10059,2.9,10059,stassma01,stassma01,2021,Max Stassi,1.79,1.1099999999999999
19287,2.9,19287,garciad02,garciad02,2021,Adolis García,3.8,-0.8999999999999999
18607,2.8,18607,walshja01,walshja01,2021,Jared Walsh,2.83,-0.03000000000000025
14274,2.8,14274,hanigmi01,hanigmi01,2021,Mitch Haniger,3.08,-0.28000000000000025
20126,2.8,20126,carlsdy01,carlsdy01,2021,Dylan Carlson,3.22,-0.4200000000000004
13338,2.8,13338,narvaom01,narvaom01,2021,Omar Narvaez,1.45,1.3499999999999999
7802,2.8,7802,rojasmi02,rojasmi02,2021,Miguel Rojas,2.59,0.20999999999999996
14894,2.7,14894,kempto01,kempto01,2021,Tony Kemp,3.38,-0.6799999999999997
16622,2.7,16622,uriaslu01,uriaslu01,2021,Luis Urias,3.13,-0.4299999999999997
5254,2.7,5254,grossro01,grossro01,2021,Robbie Grossman,2.86,-0.1599999999999997
12916,2.7,12916,lindofr01,lindofr01,2021,Francisco Lindor,3.1,-0.3999999999999999
15518,2.7,15518,rosaram01,rosaram01,2021,Amed Rosario,1.94,0.7600000000000002
4949,2.6,4949,stantmi03,stantmi03,2021,Giancarlo Stanton,3.08,-0.48
11445,2.6,11445,canhama01,canhama01,2021,Mark Canha,2.54,0.06000000000000005
13853,2.6,13853,wendljo01,wendljo01,2021,Joey Wendle,3.76,-1.1599999999999997
13723,2.6,13723,stallja01,stallja01,2021,Jacob Stallings,3.03,-0.4299999999999997
9929,2.5,9929,rufda01,rufda01,2021,Darin Ruf,2.91,-0.41000000000000014
23667,2.5,23667,francwa01,francwa01,2021,Wander Franco,3.52,-1.02
5933,2.5,5933,segurje01,segurje01,2021,Jean Segura,3.73,-1.23
15112,2.5,15112,mcmahry01,mcmahry01,2021,Ryan McMahon,3.97,-1.4700000000000002
9785,2.5,9785,seageky01,seageky01,2021,Kyle Seager,1.95,0.55
11038,2.5,11038,kiermke01,kiermke01,2021,Kevin Kiermaier,3.41,-0.9100000000000001
12856,2.4,12856,springe01,springe01,2021,George Springer,2.36,0.040000000000000036
10950,2.4,10950,duvalad01,duvalad01,2021,Adam Duvall,3.11,-0.71
19363,2.4,19363,haysau01,haysau01,2021,Austin Hays,3.1,-0.7000000000000002
9874,2.4,9874,lemahdj01,lemahdj01,2021,DJ LeMahieu,1.46,0.94
10155,2.3,10155,troutmi01,troutmi01,2021,Mike Trout,1.82,0.47999999999999976
12546,2.3,12546,croncj01,croncj01,2021,C.J. Cron,3.36,-1.06
16472,2.3,16472,hoskirh01,hoskirh01,2021,Rhys Hoskins,1.95,0.34999999999999987
13602,2.3,13602,wisdopa01,wisdopa01,2021,Patrick Wisdom,2.21,0.08999999999999986
19470,2.3,19470,edmanto01,edmanto01,2021,Tommy Edman,3.66,-1.3600000000000003
16512,2.3,16512,kineris01,kineris01,2021,Isiah Kiner-Falefa,3.66,-1.3600000000000003
5038,2.2,5038,donaljo02,donaljo02,2021,Josh Donaldson,3.19,-0.9899999999999998
19997,2.2,19997,espinsa01,espinsa01,2021,Santiago Espinal,2.5,-0.2999999999999998
14854,2.2,14854,yastrmi01,yastrmi01,2021,Mike Yastrzemski,2.48,-0.2799999999999998
10556,2.2,10556,hernace02,hernace02,2021,Cesar Hernandez,0.44000000000000006,1.7600000000000002
15351,2.1,15351,schwifr01,schwifr01,2021,Frank Schwindel,1.71,0.3900000000000001
15161,2.1,15161,garvemi01,garvemi01,2021,Mitch Garver,2.07,0.03000000000000025
4106,2.1,4106,brantmi02,brantmi02,2021,Michael Brantley,2.48,-0.3799999999999999
11609,2.1,11609,contrwi01,contrwi01,2021,Willson Contreras,4.06,-1.9599999999999995
17719,2.1,17719,duggast01,duggast01,2021,Steven Duggar,2.2,-0.10000000000000009
17901,2.1,17901,beninan01,beninan01,2021,Andrew Benintendi,2.43,-0.33000000000000007
17128,2.1,17128,laurera01,laurera01,2021,Ramon Laureano,2.55,-0.44999999999999973
18564,2.1,18564,grishtr01,grishtr01,2021,Trent Grisham,3.26,-1.1599999999999997
10071,2.1,10071,villajo01,villajo01,2021,Jonathan Villar,1.74,0.3600000000000001
2434,2.0,2434,cruzne02,cruzne02,2021,Nelson Cruz,2.53,-0.5299999999999998
17988,2.0,17988,stephty01,stephty01,2021,Tyler Stephenson,1.91,0.09000000000000008
17678,2.0,17678,bregmal01,bregmal01,2021,Alex Bregman,2.12,-0.1200000000000001
17027,2.0,17027,verdual01,verdual01,2021,Alex Verdugo,2.16,-0.16000000000000014
15672,2.0,15672,meadoau01,meadoau01,2021,Austin Meadows,2.03,-0.029999999999999805
19918,2.0,19918,varshda01,varshda01,2021,Daulton Varsho,1.69,0.31000000000000005
19734,2.0,19734,rojasjo01,rojasjo01,2021,Josh Rojas,0.79,1.21
5913,2.0,5913,garcile02,garcile02,2021,Leury Garcia,2.11,-0.10999999999999988
22168,1.9,22168,baddoak01,baddoak01,2021,Akil Baddoo,2.14,-0.2400000000000002
19599,1.9,19599,mccorch01,mccorch01,2021,Chas McCormick,2.33,-0.43000000000000016
12144,1.9,12144,keplema01,keplema01,2021,Max Kepler,2.08,-0.18000000000000016
11489,1.9,11489,taylomi02,taylomi02,2021,Michael A. Taylor,2.49,-0.5900000000000003
15464,1.8,15464,renfrhu01,renfrhu01,2021,Hunter Renfroe,2.26,-0.45999999999999974
16153,1.8,16153,slateau01,slateau01,2021,Austin Slater,1.38,0.42000000000000015
16578,1.8,16578,diazya01,diazya01,2021,Yandy Díaz,1.63,0.17000000000000015
18568,1.8,18568,arraelu01,arraelu01,2021,Luis Arraez,3.43,-1.6300000000000001
9077,1.8,9077,cainlo01,cainlo01,2021,Lorenzo Cain,2.23,-0.42999999999999994
14735,1.8,14735,phillbr02,phillbr02,2021,Brett Phillips,2.37,-0.5700000000000001
9368,1.7,9368,longoev01,longoev01,2021,Evan Longoria,1.76,-0.06000000000000005
13620,1.7,13620,kellyca02,kellyca02,2021,Carson Kelly,2.14,-0.44000000000000017
6310,1.7,6310,escobal02,escobal02,2021,Alcides Escobar,1.6,0.09999999999999987
16997,1.7,16997,torregl01,torregl01,2021,Gleyber Torres,0.78,0.9199999999999999
10323,1.6,10323,ortegra01,ortegra01,2021,Rafael Ortega,1.97,-0.3699999999999999
16219,1.6,16219,davisjd01,davisjd01,2021,J.D. Davis,0.8,0.8
18126,1.6,18126,wadela01,wadela01,2021,LaMonte Wade Jr,1.22,0.3800000000000001
17907,1.6,17907,rodgebr02,rodgebr02,2021,Brendan Rodgers,1.42,0.18000000000000016
3473,1.6,3473,rizzoan01,rizzoan01,2021,Anthony Rizzo,1.68,-0.07999999999999985
18795,1.6,18795,uriasra01,uriasra01,2021,Ramon Urias,1.92,-0.31999999999999984
11680,1.6,11680,diazel01,diazel01,2021,Elias Diaz,2.23,-0.6299999999999999
19566,1.6,19566,lowena01,lowena01,2021,Nathaniel Lowe,2.36,-0.7599999999999998
17022,1.6,17022,sosaed01,sosaed01,2021,Edmundo Sosa,3.19,-1.5899999999999999
14813,1.6,14813,farmeky01,farmeky01,2021,Kyle Farmer,1.19,0.41000000000000014
20454,1.6,20454,chishja01,chishja01,2021,Jazz Chisholm,2.52,-0.9199999999999999
9627,1.6,9627,gomesya01,gomesya01,2021,Yan Gomes,2.4499999999999997,-0.8499999999999996
6609,1.6,6609,galvifr01,galvifr01,2021,Freddy Galvis,1.21,0.3900000000000001
18015,1.6,18015,dejonpa01,dejonpa01,2021,Paul DeJong,1.61,-0.010000000000000009
19238,1.5,19238,gurrilo01,gurrilo01,2021,Lourdes Gurriel Jr.,2.74,-1.2400000000000002
13675,1.5,13675,tayloty01,tayloty01,2021,Tyrone Taylor,1.62,-0.1200000000000001
7859,1.5,7859,blackch02,blackch02,2021,Charlie Blackmon,1.01,0.49
11265,1.5,11265,schoojo01,schoojo01,2021,Jonathan Schoop,1.99,-0.49
8202,1.5,8202,harrijo05,harrijo05,2021,Josh Harrison,2.05,-0.5499999999999998
13836,1.5,13836,duffyma01,duffyma01,2021,Matt Duffy,1.64,-0.1399999999999999
11477,1.5,11477,yelicch01,yelicch01,2021,Christian Yelich,1.19,0.31000000000000005
2829,1.5,2829,pinama01,pinama01,2021,Manny Pina,1.3,0.19999999999999996
11442,1.5,11442,sanchga02,sanchga02,2021,Gary Sanchez,0.68,0.82
2967,1.5,2967,phamth01,phamth01,2021,Tommy Pham,1.38,0.1200000000000001
18577,1.5,18577,hayeske01,hayeske01,2021,Ke'Bryan Hayes,2.35,-0.8500000000000001
16572,1.4,16572,joeco01,joeco01,2021,Connor Joe,1.63,-0.22999999999999998
13145,1.4,13145,belljo02,belljo02,2021,Josh Bell,3.1,-1.7000000000000002
13359,1.4,13359,naquity01,naquity01,2021,Tyler Naquin,0.76,0.6399999999999999
18373,1.4,18373,mountry01,mountry01,2021,Ryan Mountcastle,0.9,0.4999999999999999
16535,1.4,16535,janseda01,janseda01,2021,Danny Jansen,1.31,0.08999999999999986
10047,1.4,10047,myerswi01,myerswi01,2021,Wil Myers,0.84,0.5599999999999999
16403,1.4,16403,mejiafr01,mejiafr01,2021,Francisco Mejia,1.58,-0.18000000000000016
14712,1.4,14712,margoma01,margoma01,2021,Manuel Margot,2.75,-1.35
9927,1.4,9927,gardnbr01,gardnbr01,2021,Brett Gardner,1.0,0.3999999999999999
14566,1.3,14566,reyesfr01,reyesfr01,2021,Franmil Reyes,1.59,-0.29000000000000004
20521,1.3,20521,madrini01,madrini01,2021,Nick Madrigal,1.21,0.09000000000000008
17919,1.3,17919,happia01,happia01,2021,Ian Happ,1.6,-0.30000000000000004
18289,1.3,18289,anderbr06,anderbr06,2021,Brian Anderson,1.33,-0.030000000000000027
15674,1.3,15674,mcguire01,mcguire01,2021,Reese McGuire,0.33,0.97
15082,1.2,15082,engelad01,engelad01,2021,Adam Engel,1.55,-0.3500000000000001
11342,1.2,11342,aguilje01,aguilje01,2021,Jesus Aguilar,1.43,-0.22999999999999998
5827,1.2,5827,florewi01,florewi01,2021,Wilmer Flores,1.67,-0.47
9847,1.2,9847,mccutan01,mccutan01,2021,Andrew McCutchen,1.36,-0.16000000000000014
16434,1.2,16434,arroych01,arroych01,2021,Christian Arroyo,1.48,-0.28
12160,1.2,12160,gamelbe01,gamelbe01,2021,Ben Gamel,-0.25,1.45
19844,1.2,19844,toroab01,toroab01,2021,Abraham Toro,1.6,-0.40000000000000013
10200,1.2,10200,barnhtu01,barnhtu01,2021,Tucker Barnhart,0.21,0.99
15279,1.1,15279,coopega03,coopega03,2021,Garrett Cooper,1.05,0.050000000000000044
8722,1.1,8722,castrja01,castrja01,2021,Jason Castro,1.03,0.07000000000000006
20308,1.1,20308,meyerja02,meyerja02,2021,Jake Meyers,1.22,-0.11999999999999988
18171,1.1,18171,brownse01,brownse01,2021,Seth Brown,1.44,-0.33999999999999986
8623,1.1,8623,solando01,solando01,2021,Donovan Solano,1.14,-0.039999999999999813
2136,1.1,2136,peralda01,peralda01,2021,David Peralta,1.07,0.030000000000000027
11476,1.1,11476,herreod01,herreod01,2021,Odubel Herrera,1.78,-0.6799999999999999
19294,1.1,19294,solakni01,solakni01,2021,Nick Solak,1.04,0.06000000000000005
16221,1.1,16221,zimmebr01,zimmebr01,2021,Bradley Zimmer,1.18,-0.07999999999999985
8709,1.1,8709,andruel01,andruel01,2021,Elvis Andrus,0.6,0.5000000000000001
16930,1.1,16930,heimjo01,heimjo01,2021,Jonah Heim,-0.04,1.1400000000000001
19452,1.0,19452,rogerja03,rogerja03,2021,Jake Rogers,1.2,-0.19999999999999996
12775,1.0,12775,millebr02,millebr02,2021,Brad Miller,0.36,0.64
18819,1.0,18819,ibanean01,ibanean01,2021,Andy Ibáñez,1.84,-0.8400000000000001
14111,1.0,14111,haaseer01,haaseer01,2021,Eric Haase,1.93,-0.9299999999999999
10681,1.0,10681,urshegi01,urshegi01,2021,Gio Urshela,0.63,0.37
15941,1.0,15941,nolaau01,nolaau01,2021,Austin Nola,0.93,0.06999999999999995
10231,1.0,10231,iglesjo01,iglesjo01,2021,José Iglesias,-0.6800000000000002,1.6800000000000002
19955,1.0,19955,luxga01,luxga01,2021,Gavin Lux,1.61,-0.6100000000000001
20202,1.0,20202,marshbr02,marshbr02,2021,Brandon Marsh,0.22,0.78
7007,1.0,7007,molinya01,molinya01,2021,Yadier Molina,1.76,-0.76
13499,1.0,13499,murphto04,murphto04,2021,Tom Murphy,0.93,0.06999999999999995
16426,0.9,16426,estrath01,estrath01,2021,Thairo Estrada,0.66,0.24
5452,0.9,5452,choiji01,choiji01,2021,Ji-Man Choi,0.94,-0.039999999999999925
12155,0.9,12155,rosared01,rosared01,2021,Eddie Rosario,1.07,-0.17000000000000004
15937,0.9,15937,diazal02,diazal02,2021,Aledmys Díaz,1.58,-0.68
4418,0.9,4418,lowrije01,lowrije01,2021,Jed Lowrie,0.13,0.77
12325,0.9,12325,peterja01,peterja01,2021,Jace Peterson,0.65,0.25
15730,0.9,15730,wadety01,wadety01,2021,Tyler Wade,0.25,0.65
13755,0.9,13755,nidoto01,nidoto01,2021,Tomas Nido,0.34,0.56
19600,0.8,19600,delacbr01,delacbr01,2021,Bryan De La Cruz,0.97,-0.16999999999999993
17710,0.8,17710,beatyma01,beatyma01,2021,Matt Beaty,0.13,0.67
21479,0.8,21479,hoernni01,hoernni01,2021,Nico Hoerner,1.17,-0.3699999999999999
10762,0.8,10762,dickeco01,dickeco01,2021,Corey Dickerson,0.28,0.52
16376,0.8,16376,confomi01,confomi01,2021,Michael Conforto,0.84,-0.039999999999999925
13743,0.8,13743,friedma01,friedma01,2021,Max Fried,0.66,0.14
12158,0.8,12158,barneau01,barneau01,2021,Austin Barnes,0.41,0.39000000000000007
19950,0.8,19950,gimenan01,gimenan01,2021,Andres Gimenez,0.84,-0.039999999999999925
19966,0.7,19966,dalbebo01,dalbebo01,2021,Bobby Dalbec,0.22,0.48
22581,0.7,22581,kirkal01,kirkal01,2021,Alejandro Kirk,0.9,-0.20000000000000007
12861,0.7,12861,rendoan01,rendoan01,2021,Anthony Rendon,0.01,0.69
12434,0.7,12434,pillake01,pillake01,2021,Kevin Pillar,0.5,0.19999999999999996
15038,0.7,15038,marquge01,marquge01,2021,German Marquez,0.75,-0.050000000000000044
19913,0.6,19913,sanchje02,sanchje02,2021,Jesus Sanchez,1.27,-0.67
19977,0.6,19977,barretr01,barretr01,2021,Tres Barrera,0.46,0.13999999999999996
10954,0.6,10954,degroja01,degroja01,2021,Jacob deGrom,0.62,-0.020000000000000018
15149,0.6,15149,mancitr01,mancitr01,2021,Trey Mancini,0.8,-0.20000000000000007
21454,0.6,21454,nootbla01,nootbla01,2021,Lars Nootbaar,0.7,-0.09999999999999998
11899,0.6,11899,pederjo01,pederjo01,2021,Joc Pederson,-0.07,0.6699999999999999
13769,0.6,13769,mondera02,mondera02,2021,Adalberto Mondesi,0.4,0.19999999999999996
14551,0.6,14551,santaan02,santaan02,2021,Anthony Santander,0.16,0.43999999999999995
12552,0.6,12552,suareeu01,suareeu01,2021,Eugenio Suarez,-0.7,1.2999999999999998
11902,0.6,11902,alberha01,alberha01,2021,Hanser Alberto,0.37,0.22999999999999998
3298,0.6,3298,culbech01,culbech01,2021,Charlie Culberson,1.02,-0.42000000000000004
7739,0.6,7739,darnatr01,darnatr01,2021,Travis d'Arnaud,0.18,0.42
24618,0.6,24618,jeffery01,jeffery01,2021,Ryan Jeffers,0.64,-0.040000000000000036
16375,0.6,16375,mercaos01,mercaos01,2021,Oscar Mercado,0.9,-0.30000000000000004
12282,0.6,12282,odorro01,odorro01,2021,Rougned Odor,0.33,0.26999999999999996
15402,0.6,15402,mayfija01,mayfija01,2021,Jack Mayfield,0.16000000000000003,0.43999999999999995
5517,0.6,5517,higasky01,higasky01,2021,Kyle Higashioka,0.44,0.15999999999999998
11400,0.6,11400,torrero01,torrero01,2021,Ronald Torreyes,0.32,0.27999999999999997
12180,0.6,12180,alfarjo01,alfarjo01,2021,Jorge Alfaro,-0.39,0.99
27506,0.6,27506,kimha01,kimha01,2021,Ha-Seong Kim,2.07,-1.4699999999999998
16725,0.6,16725,trevijo01,trevijo01,2021,Jose Trevino,0.12,0.48
9952,0.5,9952,thomptr01,thomptr01,2021,Trayce Thompson,0.56,-0.06000000000000005
10030,0.5,10030,owingch01,owingch01,2021,Chris Owings,0.62,-0.12
16623,0.5,16623,allengr01,allengr01,2021,Greg Allen,0.42,0.08000000000000002
21558,0.5,21558,vierlma01,vierlma01,2021,Matt Vierling,0.34,0.15999999999999998
9433,0.5,9433,garnedu01,garnedu01,2021,Dustin Garneau,0.46,0.03999999999999998
16424,0.5,16424,luplojo01,luplojo01,2021,Jordan Luplow,0.58,-0.07999999999999996
3142,0.5,3142,chiriro01,chiriro01,2021,Robinson Chirinos,0.16,0.33999999999999997
17548,0.5,17548,wardta01,wardta01,2021,Taylor Ward,0.56,-0.06000000000000005
17954,0.5,17954,hillisa01,hillisa01,2021,Sam Hilliard,0.59,-0.08999999999999997
16939,0.5,16939,thomala02,thomala02,2021,Lane Thomas,1.01,-0.51
13807,0.5,13807,plaweke01,plaweke01,2021,Kevin Plawecki,0.18,0.32
19260,0.5,19260,fraleja01,fraleja01,2021,Jake Fraley,1.6,-1.1
14320,0.5,14320,difowi01,difowi01,2021,Wilmer Difo,-0.06,0.56
12371,0.5,12371,lasteto01,lasteto01,2021,Tommy La Stella,0.26,0.24
21635,0.5,21635,matonni01,matonni01,2021,Nick Maton,0.15,0.35
15055,0.5,15055,nunezdo01,nunezdo01,2021,Dom Nunez,-0.47,0.97
15794,0.5,15794,dazayo01,dazayo01,2021,Yonathan Daza,0.39,0.10999999999999999
15362,0.5,15362,mcneije01,mcneije01,2021,Jeff McNeil,1.38,-0.8799999999999999
17273,0.5,17273,mateojo01,mateojo01,2021,Jorge Mateo,0.38,0.12
14691,0.5,14691,castrha01,castrha01,2021,Harold Castro,-0.05,0.55
19262,0.5,19262,hampsga01,hampsga01,2021,Garrett Hampson,0.66,-0.16000000000000003
18721,0.5,18721,heredgu01,heredgu01,2021,Guillermo Heredia,0.31,0.19
12510,0.5,12510,casalcu01,casalcu01,2021,Curt Casali,0.65,-0.15000000000000002
9774,0.5,9774,vazquch01,vazquch01,2021,Christian Vazquez,1.03,-0.53
12859,0.5,12859,mccanja02,mccanja02,2021,James McCann,-0.22,0.72
12981,0.5,12981,gallaca01,gallaca01,2021,Cam Gallagher,0.51,-0.010000000000000009
22458,0.5,22458,wallsta01,wallsta01,2021,Taylor Walls,1.48,-0.98
19432,0.5,19432,hernayo02,hernayo02,2021,Yonny Hernandez,0.91,-0.41000000000000003
19901,0.4,19901,sheetga01,sheetga01,2021,Gavin Sheets,0.17,0.23
12164,0.4,12164,sanomi01,sanomi01,2021,Miguel Sano,0.95,-0.5499999999999999
21614,0.4,21614,isbelky01,isbelky01,2021,Kyle Isbel,0.47,-0.06999999999999995
14811,0.4,14811,voitlu01,voitlu01,2021,Luke Voit,0.27,0.13
4220,0.4,4220,zimmery01,zimmery01,2021,Ryan Zimmerman,1.2,-0.7999999999999999
13768,0.4,13768,jankotr01,jankotr01,2021,Travis Jankowski,0.38,0.020000000000000018
15191,0.4,15191,pindech01,pindech01,2021,Chad Pinder,0.17,0.23
4579,0.4,4579,castrst01,castrst01,2021,Starlin Castro,1.09,-0.6900000000000001
10243,0.4,10243,grichra01,grichra01,2021,Randal Grichuk,0.78,-0.38
14350,0.4,14350,tapiara01,tapiara01,2021,Raimel Tapia,0.98,-0.58
17766,0.4,17766,stewadj01,stewadj01,2021,DJ Stewart,-0.29,0.69
14773,0.4,14773,changyu01,changyu01,2021,Yu Chang,0.25,0.15000000000000002
16357,0.4,16357,reyespa01,reyespa01,2021,Pablo Reyes,0.64,-0.24
16451,0.4,16451,guilllu01,guilllu01,2021,Luis Guillorme,0.44,-0.03999999999999998
20468,0.4,20468,ynoahu01,ynoahu01,2021,Huascar Ynoa,0.32,0.08000000000000002
12972,0.4,12972,rossjo01,rossjo01,2021,Joe Ross,0.48,-0.07999999999999996
14765,0.4,14765,uriasju01,uriasju01,2021,Julio Urias,0.32,0.08000000000000002
21538,0.3,21538,forteni01,forteni01,2021,Nick Fortes,0.24,0.06
19151,0.3,19151,flories01,flories01,2021,Estevan Florial,0.33,-0.030000000000000027
17452,0.3,17452,sirijo01,sirijo01,2021,Jose Siri,0.3,0.0
20332,0.3,20332,gonzalu03,gonzalu03,2021,Luis Gonzalez,0.07,0.22999999999999998
12547,0.3,12547,hicksjo02,hicksjo02,2021,John Hicks,0.28,0.019999999999999962
13355,0.3,13355,mailelu01,mailelu01,2021,Luke Maile,0.25,0.04999999999999999
22275,0.3,22275,burgeja01,burgeja01,2021,Jake Burger,0.43,-0.13
11379,0.3,11379,deshide02,deshide02,2021,Delino DeShields,0.17,0.12999999999999998
22799,0.3,22799,perdoge01,perdoge01,2021,Geraldo Perdomo,0.33,-0.030000000000000027
11615,0.3,11615,drurybr01,drurybr01,2021,Brandon Drury,0.18,0.12
19610,0.3,19610,ruizke01,ruizke01,2021,Keibert Ruiz,0.54,-0.24000000000000005
17278,0.3,17278,bradlbo01,bradlbo01,2021,Bobby Bradley,0.34,-0.040000000000000036
14140,0.3,14140,rondojo02,rondojo02,2021,Jose Rondon,0.09,0.21
19892,0.3,19892,smithpa04,smithpa04,2021,Pavin Smith,-0.25,0.55
15905,0.3,15905,torrelu01,torrelu01,2021,Luis Torrens,0.97,-0.6699999999999999
19508,0.3,19508,lewisky01,lewisky01,2021,Kyle Lewis,0.51,-0.21000000000000002
20325,0.3,20325,kirilal01,kirilal01,2021,Alex Kirilloff,0.58,-0.27999999999999997
21622,0.3,21622,mccarja02,mccarja02,2021,Jake McCarthy,0.44,-0.14
26197,0.3,26197,vaughan01,vaughan01,2021,Andrew Vaughn,0.17,0.12999999999999998
5222,0.3,5222,uptonju01,uptonju01,2021,Justin Upton,-0.71,1.01
16947,0.3,16947,hillde01,hillde01,2021,Derek Hill,-0.23,0.53
15487,0.3,15487,reyesvi01,reyesvi01,2021,Victor Reyes,0.06,0.24
13419,0.3,13419,walkech02,walkech02,2021,Christian Walker,0.49,-0.19
12758,0.3,12758,valerbr01,valerbr01,2021,Breyvic Valera,-0.11,0.41
19348,0.3,19348,peterdj01,peterdj01,2021,DJ Peters,0.16,0.13999999999999999
15654,0.3,15654,mckinbi01,mckinbi01,2021,Billy McKinney,0.07,0.22999999999999998
16417,0.3,16417,alcanse01,alcanse01,2021,Sergio Alcantara,0.48,-0.18
4940,0.3,4940,heywaja01,heywaja01,2021,Jason Heyward,0.37,-0.07
20352,0.3,20352,clemeer01,clemeer01,2021,Ernie Clement,0.01,0.29
17992,0.3,17992,fletcda02,fletcda02,2021,David Fletcher,1.83,-1.53
10199,0.3,10199,hamilbi02,hamilbi02,2021,Billy Hamilton,0.35,-0.04999999999999999
17479,0.3,17479,flaheja01,flaheja01,2021,Jack Flaherty,0.34,-0.040000000000000036
17696,0.3,17696,newmake01,newmake01,2021,Kevin Newman,0.49,-0.19
21318,0.3,21318,megilty01,megilty01,2021,Tylor Megill,0.26,0.03999999999999998
19316,0.3,19316,lauerer01,lauerer01,2021,Eric Lauer,0.22,0.07999999999999999
4930,0.3,4930,lestejo01,lestejo01,2021,Jon Lester,0.27,0.02999999999999997
8779,0.3,8779,mileywa01,mileywa01,2021,Wade Miley,0.29,0.010000000000000009
17995,0.3,17995,webblo01,webblo01,2021,Logan Webb,0.22,0.07999999999999999
16149,0.3,16149,nolaaa01,nolaaa01,2021,Aaron Nola,0.34,-0.040000000000000036
5524,0.3,5524,bumgama01,bumgama01,2021,Madison Bumgarner,0.26,0.03999999999999998
21183,0.2,21183,castehu01,castehu01,2021,Humberto Castellanos,0.24,-0.03999999999999998
20493,0.2,20493,beerse01,beerse01,2021,Seth Beer,0.12,0.08000000000000002
15873,0.2,15873,manaese01,manaese01,2021,Sean Manaea,0.16,0.04000000000000001
17893,0.2,17893,nevinty01,nevinty01,2021,Tyler Nevin,0.14,0.06
19896,0.2,19896,wongco01,wongco01,2021,Connor Wong,0.33,-0.13
18525,0.2,18525,ceasedy01,ceasedy01,2021,Dylan Cease,0.12,0.08000000000000002
18083,0.2,18083,allenau01,allenau01,2021,Austin Allen,0.17,0.03
21560,0.2,21560,rivasal01,rivasal01,2021,Alfonso Rivas,0.09,0.11000000000000001
17750,0.2,17750,schroma01,schroma01,2021,Max Schrock,-0.14,0.34
18063,0.2,18063,garliky01,garliky01,2021,Kyle Garlick,0.08,0.12000000000000001
19334,0.2,19334,hernaya01,hernaya01,2021,Yadiel Hernández,0.09,0.11000000000000001
17484,0.2,17484,jimenel02,jimenel02,2021,Eloy Jimenez,0.67,-0.47000000000000003
16285,0.2,16285,hermomi01,hermomi01,2021,Michael Hermosillo,0.12,0.08000000000000002
8418,0.2,8418,adriaeh01,adriaeh01,2021,Ehire Adrianza,0.3,-0.09999999999999998
12649,0.2,12649,dickeal01,dickeal01,2021,Alex Dickerson,-0.1,0.30000000000000004
7476,0.2,7476,avilaal01,avilaal01,2021,Alex Avila,0.72,-0.52
12858,0.2,12858,goodwbr01,goodwbr01,2021,Brian Goodwin,-0.51,0.71
27459,0.2,27459,tsutsyo01,tsutsyo01,2021,Yoshi Tsutsugo,-0.6,0.8
21501,0.2,21501,larnatr01,larnatr01,2021,Trevor Larnach,0.55,-0.35000000000000003
17062,0.2,17062,greingr01,greingr01,2021,Grayson Greiner,-0.03,0.23
13593,0.2,13593,perazjo01,perazjo01,2021,Jose Peraza,0.03,0.17
12037,0.2,12037,bertijo01,bertijo01,2021,Jon Berti,0.53,-0.33
18042,0.2,18042,mooredy01,mooredy01,2021,Dylan Moore,0.88,-0.6799999999999999
13546,0.2,13546,quinnro01,quinnro01,2021,Roman Quinn,0.23,-0.03
17277,0.2,17277,suarera01,suarera01,2021,Ranger Suarez,0.21,-0.009999999999999981
18889,0.2,18889,mendida01,mendida01,2021,Danny Mendick,-0.34,0.54
3184,0.2,3184,priceda01,priceda01,2021,David Price,0.18,0.020000000000000018
6887,0.2,6887,maldoma01,maldoma01,2021,Martin Maldonado,-0.04,0.24000000000000002
20339,0.2,20339,peacoma01,peacoma01,2021,Matt Peacock,0.2,0.0
20287,0.2,20287,rortvbe01,rortvbe01,2021,Ben Rortvedt,-0.06,0.26
2036,0.2,2036,kershcl01,kershcl01,2021,Clayton Kershaw,0.23,-0.03
19291,0.2,19291,galleza01,galleza01,2021,Zac Gallen,0.21,-0.009999999999999981
14107,0.2,14107,gausmke01,gausmke01,2021,Kevin Gausman,0.18,0.020000000000000018
4153,0.2,4153,arrieja01,arrieja01,2021,Jake Arrieta,0.16,0.04000000000000001
1157,0.1,1157,hunteto02,hunteto02,2021,Tommy Hunter,0.06,0.04000000000000001
7115,0.1,7115,bardda01,bardda01,2021,Daniel Bard,0.06,0.04000000000000001
18376,0.1,18376,overtco01,overtco01,2021,Connor Overton,0.06,0.04000000000000001
11423,0.1,11423,quintjo01,quintjo01,2021,Jose Quintana,0.11,-0.009999999999999995
19953,0.1,19953,lowejo01,lowejo01,2021,Josh Lowe,0.09,0.010000000000000009
14467,0.1,14467,camarda01,camarda01,2021,Daniel Camarena,0.14,-0.04000000000000001
17837,0.1,17837,reetzja01,reetzja01,2021,Jakson Reetz,0.07,0.03
17897,0.1,17897,cleavga01,cleavga01,2021,Garrett Cleavinger,0.1,0.0
15047,0.1,15047,vothau01,vothau01,2021,Austin Voth,0.12,-0.01999999999999999
17034,0.1,17034,reidfse01,reidfse01,2021,Sean Reid-Foley,0.09,0.010000000000000009
17285,0.1,17285,sheffju01,sheffju01,2021,Justus Sheffield,0.05,0.05
17585,0.1,17585,yamamjo01,yamamjo01,2021,Jordan Yamamoto,0.05,0.05
18000,0.1,18000,mckentr01,mckentr01,2021,Triston McKenzie,0.05,0.05
19312,0.1,19312,quantca01,quantca01,2021,Cal Quantrill,0.04,0.060000000000000005
20191,0.1,20191,whitlga01,whitlga01,2021,Garrett Whitlock,0.05,0.05
21224,0.1,21224,oberba01,oberba01,2021,Bailey Ober,0.05,0.05
21711,0.1,21711,cruzon01,cruzon01,2021,Oneil Cruz,0.11,-0.009999999999999995
13699,0.1,13699,fariaja01,fariaja01,2021,Jake Faria,0.08,0.020000000000000004
19268,0.1,19268,dunnju01,dunnju01,2021,Justin Dunn,0.07,0.03
19665,0.1,19665,wrighky01,wrighky01,2021,Kyle Wright,0.07,0.03
12782,0.1,12782,davista01,davista01,2021,Taylor Davis,0.08,0.020000000000000004
9388,0.1,9388,tomlijo01,tomlijo01,2021,Josh Tomlin,0.08,0.020000000000000004
15423,0.1,15423,heanean01,heanean01,2021,Andrew Heaney,0.1,0.0
15440,0.1,15440,boydma01,boydma01,2021,Matthew Boyd,0.11,-0.009999999999999995
15971,0.1,15971,castiiv01,castiiv01,2021,Ivan Castillo,0.04,0.060000000000000005
19206,0.1,19206,hudsoda02,hudsoda02,2021,Dakota Hudson,0.07,0.03
23252,0.1,23252,howarsp01,howarsp01,2021,Spencer Howard,0.15,-0.04999999999999999
12779,0.1,12779,burnsan01,burnsan01,2021,Andy Burns,0.0,0.1
12664,0.1,12664,eickhje01,eickhje01,2021,Jerad Eickhoff,0.07,0.03
19521,0.1,19521,youngan02,youngan02,2021,Andrew Young,-0.74,0.84
7870,0.1,7870,lucrojo01,lucrojo01,2021,Jonathan Lucroy,0.06999999999999999,0.030000000000000013
19477,0.1,19477,degotal01,degotal01,2021,Alex De Goti,0.05,0.05
13910,0.1,13910,kivlepa01,kivlepa01,2021,Patrick Kivlehan,0.08,0.020000000000000004
18288,0.1,18288,deanau01,deanau01,2021,Austin Dean,0.03,0.07
10131,0.1,10131,strasst01,strasst01,2021,Stephen Strasburg,0.11,-0.009999999999999995
17423,0.1,17423,merceye01,merceye01,2021,Yermin Mercedes,0.47,-0.37
14130,0.1,14130,vogelda01,vogelda01,2021,Daniel Vogelbach,-0.17,0.27
14329,0.1,14329,alforan01,alforan01,2021,Anthony Alford,0.35,-0.24999999999999997
15482,0.1,15482,aquinar01,aquinar01,2021,Aristides Aquino,-0.32,0.42000000000000004
20220,0.1,20220,adelljo01,adelljo01,2021,Jo Adell,0.3,-0.19999999999999998
19698,0.1,19698,olivaed02,olivaed02,2021,Edward Olivares,0.04,0.060000000000000005
10953,0.1,10953,gosseph01,gosseph01,2021,Phil Gosselin,-0.33,0.43000000000000005
13329,0.1,13329,lambja01,lambja01,2021,Jake Lamb,-0.26,0.36
17642,0.1,17642,riddljt01,riddljt01,2021,JT Riddle,0.17,-0.07
18331,0.1,18331,kaprija01,kaprija01,2021,James Kaprielian,0.06,0.04000000000000001
19409,0.1,19409,dunnida01,dunnida01,2021,Dane Dunning,0.06,0.04000000000000001
3648,0.1,3648,riverre01,riverre01,2021,Rene Rivera,-0.12000000000000001,0.22000000000000003
16337,0.1,16337,gordoni01,gordoni01,2021,Nick Gordon,0.16,-0.06
14636,0.1,14636,rivaswe01,rivaswe01,2021,Webster Rivas,0.18,-0.07999999999999999
19643,0.1,19643,johnsda07,johnsda07,2021,Daniel Johnson,-0.18,0.28
18027,0.1,18027,parkho01,parkho01,2021,Hoy Park,-0.25,0.35
5297,0.1,5297,hicksaa01,hicksaa01,2021,Aaron Hicks,-0.28,0.38
20540,0.1,20540,deverjo01,deverjo01,2021,Jose Devers,-0.23,0.33
5000,0.1,5000,vogtst01,vogtst01,2021,Stephen Vogt,-0.04999999999999999,0.15
21562,0.1,21562,gonzaro01,gonzaro01,2021,Romy Gonzalez,-0.1,0.2
18887,0.1,18887,zavalse01,zavalse01,2021,Seby Zavala,-0.24,0.33999999999999997
4922,0.1,4922,inciaen01,inciaen01,2021,Ender Inciarte,-0.1,0.2
12990,0.1,12990,castier01,castier01,2021,Erick Castillo,0.14,-0.04000000000000001
21534,0.1,21534,raleica01,raleica01,2021,Cal Raleigh,-0.51,0.61
12976,0.1,12976,hedgeau01,hedgeau01,2021,Austin Hedges,-0.02,0.12000000000000001
5358,0.1,5358,alvarjo02,alvarjo02,2021,Jose Alvarez,0.1,0.0
18900,0.1,18900,taverle01,taverle01,2021,Leody Taveras,-0.07,0.17
19388,0.1,19388,gonsoto01,gonsoto01,2021,Tony Gonsolin,0.07,0.03
23796,0.1,23796,weathry01,weathry01,2021,Ryan Weathers,0.14,-0.04000000000000001
16977,0.1,16977,willitr01,willitr01,2021,Trevor Williams,0.1,0.0
15689,0.1,15689,castilu02,castilu02,2021,Luis Castillo,0.07,0.03
10123,0.1,10123,gibsoky01,gibsoky01,2021,Kyle Gibson,0.09999999999999999,1.3877787807814457e-17
22487,0.1,22487,oviedjo01,oviedjo01,2021,Johan Oviedo,0.12,-0.01999999999999999
19361,0.1,19361,burneco01,burneco01,2021,Corbin Burnes,0.08,0.020000000000000004
13183,0.1,13183,davieza02,davieza02,2021,Zach Davies,0.04,0.060000000000000005
10310,0.1,10310,wheelza01,wheelza01,2021,Zack Wheeler,0.13,-0.03
2233,0.1,2233,wainwad01,wainwad01,2021,Adam Wainwright,0.19,-0.09
13431,0.1,13431,stromma01,stromma01,2021,Marcus Stroman,0.28,-0.18000000000000002
19374,0.1,19374,buehlwa01,buehlwa01,2021,Walker Buehler,0.01,0.09000000000000001
18551,0.0,18551,sanchal04,sanchal04,2021,Ali Sanchez,0.06,-0.06
17117,0.0,17117,davisau01,davisau01,2021,Austin Davis,0.04,-0.04
17783,0.0,17783,brentja01,brentja01,2021,Jake Brentz,0.05,-0.05
19309,0.0,19309,richatr01,richatr01,2021,Trevor Richards,0.05,-0.05
20263,0.0,20263,felicma01,felicma01,2021,Mario Feliciano,0.0,0.0
23779,0.0,23779,bruihju01,bruihju01,2021,Justin Bruihl,0.03,-0.03
19522,0.0,19522,friedtj01,friedtj01,2021,TJ Friedl,-0.12,0.12
10700,0.0,10700,lamarry01,lamarry01,2021,Ryan LaMarre,-0.03,0.03
16192,0.0,16192,fishede01,fishede01,2021,Derek Fisher,0.02,-0.02
19864,0.0,19864,adamsri03,adamsri03,2021,Riley Adams,0.51,-0.51
16291,0.0,16291,ciuffni01,ciuffni01,2021,Nick Ciuffo,0.06,-0.06
3516,0.0,3516,hosmeer01,hosmeer01,2021,Eric Hosmer,0.97,-0.97
5227,0.0,5227,jayjo02,jayjo02,2021,Jon Jay,0.05,-0.05
14387,0.0,14387,ramirha02,ramirha02,2021,Harold Ramirez,0.07,-0.07
20503,0.0,20503,contrwi02,contrwi02,2021,William Contreras,0.02,-0.02
18365,0.0,18365,diazle01,diazle01,2021,Lewin Diaz,0.84,-0.84
13325,0.0,13325,marrede01,marrede01,2021,Deven Marrero,0.01,-0.01
4962,0.0,4962,cabreas01,cabreas01,2021,Asdrubal Cabrera,0.36,-0.36
6547,0.0,6547,mercejo03,mercejo03,2021,Jordy Mercer,0.19,-0.19
11200,0.0,11200,calhoko01,calhoko01,2021,Kole Calhoun,-0.09,0.09
2859,0.0,2859,detwiro01,detwiro01,2021,Ross Detwiler,0.03,-0.03
15502,0.0,15502,stewako01,stewako01,2021,Kohl Stewart,0.04,-0.04
17611,0.0,17611,clarkta01,clarkta01,2021,Taylor Clarke,0.05,-0.05
18498,0.0,18498,maedake01,maedake01,2021,Kenta Maeda,0.04,-0.04
18519,0.0,18519,bickfph01,bickfph01,2021,Phil Bickford,0.06,-0.06
20277,0.0,20277,abbotco01,abbotco01,2021,Cory Abbott,0.03,-0.03
21524,0.0,21524,bartjo01,bartjo01,2021,Joey Bart,0.0,0.0
13770,0.0,13770,refsnro01,refsnro01,2021,Rob Refsnyder,-0.11,0.11
12092,0.0,12092,goodrni01,goodrni01,2021,Niko Goodrum,0.03,-0.03
22164,0.0,22164,henrypa01,henrypa01,2021,Payton Henry,0.02,-0.02
20275,0.0,20275,arauzjo01,arauzjo01,2021,Jonathan Arauz,0.04,-0.04
6012,0.0,6012,gregodi01,gregodi01,2021,Didi Gregorius,-0.79,0.79
8879,0.0,8879,lavarry01,lavarry01,2021,Ryan Lavarnway,0.0,0.0
21646,0.0,21646,marchra01,marchra01,2021,Rafael Marchan,0.24,-0.24
11859,0.0,11859,willima10,willima10,2021,Mason Williams,0.04,-0.04
16448,0.0,16448,nottija01,nottija01,2021,Jacob Nottingham,-0.22999999999999998,0.22999999999999998
13012,0.0,13012,andrejo03,andrejo03,2021,John Andreoli,0.01,-0.01
12147,0.0,12147,ahmedni01,ahmedni01,2021,Nick Ahmed,0.67,-0.67
19314,0.0,19314,waltodo01,waltodo01,2021,Donovan Walton,0.03,-0.03
6938,0.0,6938,campber01,campber01,2021,Eric Campbell,0.03,-0.03
23378,0.0,23378,garcijo02,garcijo02,2021,José Barrero,0.04,-0.04
16429,0.0,16429,martija03,martija03,2021,Jason Martin,-0.34,0.34
18395,0.0,18395,blanktr01,blanktr01,2021,Travis Blankenhorn,-0.2,0.2
9784,0.0,9784,richaga01,richaga01,2021,Garrett Richards,0.05,-0.05
16269,0.0,16269,meansjo01,meansjo01,2021,John Means,0.07,-0.07
14196,0.0,14196,velazan01,velazan01,2021,Andrew Velazquez,-0.01,0.01
12399,0.0,12399,motteta01,motteta01,2021,Taylor Motter,0.04000000000000001,-0.04000000000000001
16524,0.0,16524,mcbrory01,mcbrory01,2021,Ryan McBroom,-0.03,0.03
16271,0.0,16271,blandal01,blandal01,2021,Alex Blandino,-0.2,0.2
20047,0.0,20047,millebr03,millebr03,2021,Brian Miller,-0.05,0.05
7738,0.0,7738,peralwi01,peralwi01,2021,Wily Peralta,0.01,-0.01
11674,0.0,11674,taillja01,taillja01,2021,Jameson Taillon,0.04,-0.04
13346,0.0,13346,milneho01,milneho01,2021,Hoby Milner,0.03,-0.03
19479,0.0,19479,civalaa01,civalaa01,2021,Aaron Civale,0.04,-0.04
19899,0.0,19899,schmicl01,schmicl01,2021,Clarke Schmidt,0.03,-0.03
27468,0.0,27468,detmere01,detmere01,2021,Reid Detmers,0.04,-0.04
12917,0.0,12917,bundydy01,bundydy01,2021,Dylan Bundy,0.03,-0.03
15463,0.0,15463,deleojo03,deleojo03,2021,Jose De Leon,0.02,-0.02
15474,0.0,15474,giolilu01,giolilu01,2021,Lucas Giolito,0.03,-0.03
15823,0.0,15823,litteza01,litteza01,2021,Zack Littell,0.03,-0.03
18413,0.0,18413,urquijo01,urquijo01,2021,Jose Urquidy,0.03,-0.03
19447,0.0,19447,sandopa02,sandopa02,2021,Patrick Sandoval,0.04,-0.04
19615,0.0,19615,barrelu01,barrelu01,2021,Luis Barrera,0.07,-0.07
19884,0.0,19884,martico02,martico02,2021,Corbin Martin,0.03,-0.03
25385,0.0,25385,rasmudr01,rasmudr01,2021,Drew Rasmussen,0.03,-0.03
17216,0.0,17216,harrimo01,harrimo01,2021,Monte Harrison,0.09,-0.09
15291,0.0,15291,braulst01,braulst01,2021,Steven Brault,0.04,-0.04
19818,0.0,19818,palacjo01,palacjo01,2021,Josh Palacios,0.03,-0.03
13254,0.0,13254,wilsoja04,wilsoja04,2021,Jacob Wilson,-0.06999999999999999,0.06999999999999999
18067,0.0,18067,stubbga01,stubbga01,2021,Garrett Stubbs,-0.21,0.21
14515,0.0,14515,martelu02,martelu02,2021,Luis Marte,-0.13,0.13
19926,0.0,19926,santito01,santito01,2021,Tony Santillan,0.02,-0.02
20739,0.0,20739,mejiahu01,mejiahu01,2021,Humberto Mejia,0.02,-0.02
21690,0.0,21690,cabreed02,cabreed02,2021,Edward Cabrera,0.02,-0.02
2520,0.0,2520,lynnla01,lynnla01,2021,Lance Lynn,0.02,-0.02
7274,0.0,7274,stammcr01,stammcr01,2021,Craig Stammen,0.03,-0.03
19244,0.0,19244,irvinco01,irvinco01,2021,Cole Irvin,0.13,-0.13
20539,0.0,20539,ucetaed01,ucetaed01,2021,Edwin Uceta,0.03,-0.03
19318,0.0,19318,thaisma01,thaisma01,2021,Matt Thaiss,-0.08,0.08
10655,0.0,10655,brantro01,brantro01,2021,Rob Brantly,-0.18,0.18
14663,0.0,14663,gonzach01,gonzach01,2021,Chi Chi Gonzalez,0.07,-0.07
21844,0.0,21844,garrebr01,garrebr01,2021,Braxton Garrett,0.02,-0.02
19546,0.0,19546,duplajo01,duplajo01,2021,Jon Duplantier,0.03,-0.03
9132,0.0,9132,eovalna01,eovalna01,2021,Nathan Eovaldi,0.04,-0.04
19170,0.0,19170,rayco01,rayco01,2021,Corey Ray,-0.02,0.02
20492,0.0,20492,mizeca01,mizeca01,2021,Casey Mize,0.03,-0.03
23550,0.0,23550,ashbyaa01,ashbyaa01,2021,Aaron Ashby,0.03,-0.03
8246,0.0,8246,espinpa01,espinpa01,2021,Paolo Espino,0.13,-0.13
15139,0.0,15139,goudeas01,goudeas01,2021,Ashton Goudeau,0.0,0.0
19795,0.0,19795,thompke02,thompke02,2021,Keegan Thompson,-0.01,0.01
16094,0.0,16094,thompza01,thompza01,2021,Zach Thompson,0.01,-0.01
12718,0.0,12718,housead01,housead01,2021,Adrian Houser,0.01,-0.01
12768,0.0,12768,grayso01,grayso01,2021,Sonny Gray,-0.08,0.08
9323,0.0,9323,corbipa01,corbipa01,2021,Patrick Corbin,0.09,-0.09
17312,0.0,17312,steelju01,steelju01,2021,Justin Steele,0.02,-0.02
12880,0.0,12880,anderty01,anderty01,2021,Tyler Anderson,0.009999999999999998,-0.009999999999999998
14875,0.0,14875,smithca03,smithca03,2021,Caleb Smith,0.09,-0.09
27458,0.0,27458,kimkw01,kimkw01,2021,Kwang Hyun Kim,0.2,-0.2
12049,0.0,12049,hendrky01,hendrky01,2021,Kyle Hendricks,-0.06,0.06
16162,0.0,16162,woodrbr01,woodrbr01,2021,Brandon Woodruff,0.01,-0.01
17594,0.0,17594,kellemi03,kellemi03,2021,Mitch Keller,0.0,0.0
17432,0.0,17432,hoffmje02,hoffmje02,2021,Jeff Hoffman,0.01,-0.01
2539,0.0,2539,kozmape01,kozmape01,2021,Pete Kozma,0.19,-0.19
20167,0.0,20167,mulleky01,mulleky01,2021,Kyle Muller,-0.02,0.02
16918,0.0,16918,weavelu01,weavelu01,2021,Luke Weaver,0.06,-0.06
11346,0.0,11346,frankse01,frankse01,2021,Seth Frankoff,0.01,-0.01
16233,0.0,16233,antonte01,antonte01,2021,Tejay Antone,0.01,-0.01
25007,0.0,25007,vesiaal01,vesiaal01,2021,Alex Vesia,0.01,-0.01
4806,0.0,4806,hillri01,hillri01,2021,Rich Hill,-0.13,0.13
15036,0.0,15036,dejonch01,dejonch01,2021,Chase De Jong,-0.04,0.04
11836,0.0,11836,walketa01,walketa01,2021,Taijuan Walker,-0.05,0.05
11189,0.0,11189,velasvi01,velasvi01,2021,Vince Velasquez,0.009999999999999995,-0.009999999999999995
17578,0.0,17578,brubajt01,brubajt01,2021,JT Brubaker,-0.06,0.06
20302,0.0,20302,peterda01,peterda01,2021,David Peterson,-0.03,0.03
6893,0.0,6893,cuetojo01,cuetojo01,2021,Johnny Cueto,-0.02,0.02
6249,0.0,6249,cahiltr01,cahiltr01,2021,Trevor Cahill,-0.03,0.03
12719,0.0,12719,thomadi01,thomadi01,2021,Dillon Thomas,-0.02,0.02
19959,0.0,19959,luzarje01,luzarje01,2021,Jesus Luzardo,0.1,-0.1
18769,0.0,18769,poteeco01,poteeco01,2021,Cody Poteet,-0.06,0.06
20631,0.0,20631,hollojo01,hollojo01,2021,Jordan Holloway,-0.04,0.04
25379,0.0,25379,longsa01,longsa01,2021,Sammy Long,-0.04,0.04
13696,0.0,13696,gsellro01,gsellro01,2021,Robert Gsellman,-0.01,0.01
18790,0.0,18790,peterdi01,peterdi01,2021,Dillon Peters,0.01,-0.01
17186,0.0,17186,lametdi01,lametdi01,2021,Dinelson Lamet,-0.01,0.01
18,0.0,18,felizne01,felizne01,2021,Neftali Feliz,0.0,0.0
1247,0.0,1247,ottavad01,ottavad01,2021,Adam Ottavino,0.0,0.0
1514,0.0,1514,perezol01,perezol01,2021,Oliver Perez,0.0,0.0
1581,0.0,1581,doolise01,doolise01,2021,Sean Doolittle,0.0,0.0
1943,0.0,1943,greinza01,greinza01,2021,Zack Greinke,-0.02,0.02
2429,0.0,2429,klubeco01,klubeco01,2021,Corey Kluber,-0.02,0.02
2882,0.0,2882,avilalu01,avilalu01,2021,Luis Avilan,0.0,0.0
3096,0.0,3096,janseke01,janseke01,2021,Kenley Jansen,-0.01,0.01
3132,0.0,3132,watsoto01,watsoto01,2021,Tony Watson,-0.01,0.01
3192,0.0,3192,harriwi10,harriwi10,2021,Will Harris,0.0,0.0
3200,0.0,3200,santaer01,santaer01,2021,Ervin Santana,0.0,0.0
3211,0.0,3211,ladenty01,ladenty01,2021,Tyler Ladendorf,0.0,0.0
3237,0.0,3237,mcfartj01,mcfartj01,2021,T.J. McFarland,0.0,0.0
3240,0.0,3240,brittza01,brittza01,2021,Zack Britton,0.0,0.0
3281,0.0,3281,smithjo05,smithjo05,2021,Joe Smith,0.0,0.0
3548,0.0,3548,hendrli01,hendrli01,2021,Liam Hendriks,0.0,0.0
4020,0.0,4020,petityu01,petityu01,2021,Yusmeiro Petit,0.0,0.0
4070,0.0,4070,stroppe01,stroppe01,2021,Pedro Strop,0.0,0.0
4141,0.0,4141,hollade01,hollade01,2021,Derek Holland,0.0,0.0
4185,0.0,4185,dolisra01,dolisra01,2021,Rafael Dolis,0.0,0.0
4264,0.0,4264,melanma01,melanma01,2021,Mark Melancon,0.02,-0.02
4301,0.0,4301,wilsoju10,wilsoju10,2021,Justin Wilson,0.0,0.0
4338,0.0,4338,chatwty01,chatwty01,2021,Tyler Chatwood,-0.01,0.01
4505,0.0,4505,zimmejo02,zimmejo02,2021,Jordan Zimmermann,-0.01,0.01
4696,0.0,4696,jonesna01,jonesna01,2021,Nate Jones,-0.01,0.01
4897,0.0,4897,kazmisc01,kazmisc01,2021,Scott Kazmir,-0.04,0.04
4994,0.0,4994,abadfe01,abadfe01,2021,Fernando Abad,0.0,0.0
5003,0.0,5003,diekmja01,diekmja01,2021,Jake Diekman,-0.01,0.01
5114,0.0,5114,familje01,familje01,2021,Jeurys Familia,0.0,0.0
5224,0.0,5224,parkebl01,parkebl01,2021,Blake Parker,0.0,0.0
5372,0.0,5372,pinedmi01,pinedmi01,2021,Michael Pineda,-0.08,0.08
5448,0.0,5448,chaveje01,chaveje01,2021,Jesse Chavez,-0.04,0.04
5615,0.0,5615,brasiry01,brasiry01,2021,Ryan Brasier,0.0,0.0
5640,0.0,5640,clippty01,clippty01,2021,Tyler Clippard,0.0,0.0
5702,0.0,5702,guerrju02,guerrju02,2021,Junior Guerra,-0.02,0.02
6216,0.0,6216,betande01,betande01,2021,Dellin Betances,0.0,0.0
6316,0.0,6316,phelpda01,phelpda01,2021,David Phelps,0.0,0.0
6345,0.0,6345,archech01,archech01,2021,Chris Archer,0.0,0.0
6397,0.0,6397,odorija01,odorija01,2021,Jake Odorizzi,-0.01,0.01
6398,0.0,6398,maytr01,maytr01,2021,Trevor May,0.0,0.0
6399,0.0,6399,cisnejo01,cisnejo01,2021,Jose Cisnero,0.0,0.0
6483,0.0,6483,cishest01,cishest01,2021,Steve Cishek,0.0,0.0
6499,0.0,6499,hardybl01,hardybl01,2021,Blaine Hardy,0.0,0.0
6562,0.0,6562,cobbal01,cobbal01,2021,Alex Cobb,-0.01,0.01
6576,0.0,6576,stockro01,stockro01,2021,Robert Stock,-0.04,0.04
6627,0.0,6627,brachbr01,brachbr01,2021,Brad Brach,0.0,0.0
6655,0.0,6655,kimbrcr01,kimbrcr01,2021,Craig Kimbrel,-0.01,0.01
6661,0.0,6661,colomal01,colomal01,2021,Alex Colome,0.0,0.0
6785,0.0,6785,millean01,millean01,2021,Andrew Miller,0.0,0.0
6902,0.0,6902,perezma02,perezma02,2021,Martin Perez,-0.04,0.04
6941,0.0,6941,soriajo01,soriajo01,2021,Joakim Soria,0.0,0.0
6979,0.0,6979,dicksbr01,dicksbr01,2021,Brandon Dickson,0.0,0.0
6984,0.0,6984,garcilu03,garcilu03,2021,Luis Garcia,0.0,0.0
6986,0.0,6986,kenneia01,kenneia01,2021,Ian Kennedy,0.0,0.0
7005,0.0,7005,pressry01,pressry01,2021,Ryan Pressly,0.0,0.0
7146,0.0,7146,hudsoda01,hudsoda01,2021,Daniel Hudson,0.0,0.0
7196,0.0,7196,hollagr01,hollagr01,2021,Greg Holland,0.0,0.0
7303,0.0,7303,guilmpr01,guilmpr01,2021,Preston Guilmet,0.0,0.0
7407,0.0,7407,guerrja01,guerrja01,2021,Javy Guerra,-0.01,0.01
7432,0.0,7432,jacksja01,jacksja01,2021,Jay Jackson,-0.01,0.01
7441,0.0,7441,daviswa01,daviswa01,2021,Wade Davis,0.0,0.0
7466,0.0,7466,swarzan01,swarzan01,2021,Anthony Swarzak,0.0,0.0
7531,0.0,7531,mchugco01,mchugco01,2021,Collin McHugh,0.0,0.0
7550,0.0,7550,mcgeeja01,mcgeeja01,2021,Jake McGee,0.0,0.0
7803,0.0,7803,bleieri01,bleieri01,2021,Richard Bleier,0.02,-0.02
7836,0.0,7836,strichu01,strichu01,2021,Hunter Strickland,-0.02,0.02
7882,0.0,7882,lindbjo01,lindbjo01,2021,Josh Lindblom,-0.01,0.01
7982,0.0,7982,bassan01,bassan01,2021,Anthony Bass,0.0,0.0
8048,0.0,8048,smithwi04,smithwi04,2021,Will Smith,0.0,0.0
8110,0.0,8110,shawbr01,shawbr01,2021,Bryan Shaw,0.0,0.0
8337,0.0,8337,luetglu01,luetglu01,2021,Lucas Luetge,0.0,0.0
8350,0.0,8350,ramosaj01,ramosaj01,2021,AJ Ramos,0.0,0.0
8410,0.0,8410,guerrde01,guerrde01,2021,Deolis Guerra,0.0,0.0
8580,0.0,8580,milleju02,milleju02,2021,Justin Miller,0.0,0.0
9013,0.0,9013,valdece01,valdece01,2021,Cesar Valdez,0.0,0.0
9059,0.0,9059,axforjo01,axforjo01,2021,John Axford,0.0,0.0
9111,0.0,9111,handbr01,handbr01,2021,Brad Hand,0.0,0.0
9178,0.0,9178,lobstky01,lobstky01,2021,Kyle Lobstein,0.0,0.0
9419,0.0,9419,rosscza01,rosscza01,2021,Zac Rosscup,0.0,0.0
9434,0.0,9434,keuchda01,keuchda01,2021,Dallas Keuchel,-0.02,0.02
9456,0.0,9456,buchtry01,buchtry01,2021,Ryan Buchter,0.0,0.0
9756,0.0,9756,haleda02,haleda02,2021,David Hale,0.0,0.0
9761,0.0,9761,kellyjo05,kellyjo05,2021,Joe Kelly,-0.03,0.03
9794,0.0,9794,brothre01,brothre01,2021,Rex Brothers,-0.02,0.02
9817,0.0,9817,romose01,romose01,2021,Sergio Romo,0.0,0.0
9866,0.0,9866,roech01,roech01,2021,Chaz Roe,0.0,0.0
9939,0.0,9939,kintzbr01,kintzbr01,2021,Brandon Kintzler,0.0,0.0
10058,0.0,10058,matzety01,matzety01,2021,Tyler Matzek,0.0,0.0
10061,0.0,10061,raleybr01,raleybr01,2021,Brooks Raley,0.0,0.0
10078,0.0,10078,thielca01,thielca01,2021,Caleb Thielbar,0.0,0.0
10133,0.0,10133,boxbebr01,boxbebr01,2021,Brad Boxberger,0.0,0.0
10160,0.0,10160,weberry01,weberry01,2021,Ryan Weber,0.0,0.0
10197,0.0,10197,millesh01,millesh01,2021,Shelby Miller,-0.01,0.01
10218,0.0,10218,northaa01,northaa01,2021,Aaron Northcraft,0.0,0.0
10233,0.0,10233,chapmar01,chapmar01,2021,Aroldis Chapman,0.0,0.0
10291,0.0,10291,teperry01,teperry01,2021,Ryan Tepera,0.0,0.0
10314,0.0,10314,ramirer02,ramirer02,2021,Erasmo Ramirez,0.0,0.0
10341,0.0,10341,minayju01,minayju01,2021,Juan Minaya,0.0,0.0
10343,0.0,10343,loupaa01,loupaa01,2021,Aaron Loup,0.0,0.0
10430,0.0,10430,givenmy01,givenmy01,2021,Mychal Givens,0.0,0.0
10534,0.0,10534,petrija01,petrija01,2021,Jake Petricka,0.0,0.0
10547,0.0,10547,nelsoji02,nelsoji02,2021,Jimmy Nelson,-0.03,0.03
10591,0.0,10591,alexasc02,alexasc02,2021,Scott Alexander,0.0,0.0
10603,0.0,10603,salech01,salech01,2021,Chris Sale,-0.01,0.01
10657,0.0,10657,bellaan01,bellaan01,2021,Andrew Bellatti,0.0,0.0
10732,0.0,10732,hutchdr01,hutchdr01,2021,Drew Hutchison,-0.01,0.01
10756,0.0,10756,greensh02,greensh02,2021,Shane Greene,0.0,0.0
10811,0.0,10811,foltymi01,foltymi01,2021,Mike Foltynewicz,-0.02,0.02
10819,0.0,10819,alanirj01,alanirj01,2021,R.J. Alaniz,-0.01,0.01
10843,0.0,10843,kolarad01,kolarad01,2021,Adam Kolarek,0.0,0.0
10855,0.0,10855,shrevch01,shrevch01,2021,Chasen Shreve,0.0,0.0
11203,0.0,11203,daytogr01,daytogr01,2021,Grant Dayton,0.0,0.0
11209,0.0,11209,sadleca02,sadleca02,2021,Casey Sadler,0.0,0.0
11426,0.0,11426,pomerdr01,pomerdr01,2021,Drew Pomeranz,0.0,0.0
11428,0.0,11428,workmbr01,workmbr01,2021,Brandon Workman,0.0,0.0
11437,0.0,11437,biddlje01,biddlje01,2021,Jesse Biddle,0.0,0.0
11467,0.0,11467,coleaj01,coleaj01,2021,A.J. Cole,0.0,0.0
11479,0.0,11479,mitchbr01,mitchbr01,2021,Bryan Mitchell,0.0,0.0
11487,0.0,11487,rodrijo06,rodrijo06,2021,Joely Rodriguez,0.0,0.0
11528,0.0,11528,osichjo01,osichjo01,2021,Josh Osich,0.0,0.0
11589,0.0,11589,urenajo01,urenajo01,2021,Jose Urena,-0.01,0.01
11618,0.0,11618,kickhmi01,kickhmi01,2021,Mike Kickham,0.0,0.0
11632,0.0,11632,hembrhe01,hembrhe01,2021,Heath Hembree,-0.01,0.01
11752,0.0,11752,jackslu01,jackslu01,2021,Luke Jackson,0.0,0.0
11753,0.0,11753,ryanky01,ryanky01,2021,Kyle Ryan,-0.02,0.02
11762,0.0,11762,syndeno01,syndeno01,2021,Noah Syndergaard,0.0,0.0
11801,0.0,11801,robleha01,robleha01,2021,Hansel Robles,0.0,0.0
11804,0.0,11804,nerishe01,nerishe01,2021,Hector Neris,-0.01,0.01
11812,0.0,11812,baldoal01,baldoal01,2021,Alberto Baldonado,0.0,0.0
11847,0.0,11847,martich02,martich02,2021,Chris Martin,0.0,0.0
11861,0.0,11861,adamja01,adamja01,2021,Jason Adam,0.0,0.0
11903,0.0,11903,felizmi01,felizmi01,2021,Michael Feliz,0.0,0.0
12022,0.0,12022,andrima01,andrima01,2021,Matt Andriese,0.0,0.0
12095,0.0,12095,garciyi01,garciyi01,2021,Yimi Garcia,0.0,0.0
12178,0.0,12178,tapiado01,tapiado01,2021,Domingo Tapia,0.0,0.0
12237,0.0,12237,winklda01,winklda01,2021,Dan Winkler,-0.01,0.01
12249,0.0,12249,sherrry01,sherrry01,2021,Ryan Sherriff,0.0,0.0
12304,0.0,12304,bassich01,bassich01,2021,Chris Bassitt,-0.02,0.02
12317,0.0,12317,reaco01,reaco01,2021,Colin Rea,-0.02,0.02
12323,0.0,12323,barneja01,barneja01,2021,Jacob Barnes,0.0,0.0
12360,0.0,12360,quackke01,quackke01,2021,Kevin Quackenbush,0.0,0.0
12361,0.0,12361,pattosp01,pattosp01,2021,Spencer Patton,0.0,0.0
12385,0.0,12385,tropeni01,tropeni01,2021,Nick Tropeano,-0.01,0.01
12447,0.0,12447,lugose01,lugose01,2021,Seth Lugo,0.09,-0.09
12572,0.0,12572,treinbl01,treinbl01,2021,Blake Treinen,0.0,0.0
12575,0.0,12575,ramirni01,ramirni01,2021,Nick Ramirez,-0.03,0.03
12580,0.0,12580,morgaad01,morgaad01,2021,Adam Morgan,0.0,0.0
12680,0.0,12680,harpery01,harpery01,2021,Ryne Harper,-0.02,0.02
12760,0.0,12760,montera01,montera01,2021,Rafael Montero,0.0,0.0
12763,0.0,12763,devench02,devench02,2021,Chris Devenski,0.0,0.0
12777,0.0,12777,brebbjo01,brebbjo01,2021,John Brebbia,-0.01,0.01
12784,0.0,12784,smithbu03,smithbu03,2021,Burch Smith,0.0,0.0
12800,0.0,12800,ramirno01,ramirno01,2021,Noe Ramirez,0.0,0.0
12804,0.0,12804,wislema01,wislema01,2021,Matt Wisler,-0.01,0.01
12828,0.0,12828,kittran01,kittran01,2021,Andrew Kittredge,0.0,0.0
12857,0.0,12857,armstsh01,armstsh01,2021,Shawn Armstrong,0.0,0.0
12863,0.0,12863,barnema01,barnema01,2021,Matt Barnes,0.0,0.0
12890,0.0,12890,claudal01,claudal01,2021,Alex Claudio,0.0,0.0
12918,0.0,12918,bradlar01,bradlar01,2021,Archie Bradley,-0.01,0.01
12988,0.0,12988,chafian01,chafian01,2021,Andrew Chafin,0.0,0.0
13182,0.0,13182,crickky01,crickky01,2021,Kyle Crick,0.0,0.0
13190,0.0,13190,weemsjo01,weemsjo01,2021,Jordan Weems,0.0,0.0
13194,0.0,13194,biagijo01,biagijo01,2021,Joe Biagini,0.0,0.0
13218,0.0,13218,fulmemi01,fulmemi01,2021,Michael Fulmer,0.0,0.0
13293,0.0,13293,couloda01,couloda01,2021,Danny Coulombe,-0.01,0.01
13345,0.0,13345,cessalu01,cessalu01,2021,Luis Cessa,0.0,0.0
13360,0.0,13360,bedroca01,bedroca01,2021,Cam Bedrosian,0.0,0.0
13361,0.0,13361,matzst01,matzst01,2021,Steven Matz,-0.02,0.02
13394,0.0,13394,florody01,florody01,2021,Dylan Floro,0.0,0.0
13397,0.0,13397,selmasa01,selmasa01,2021,Sam Selman,-0.01,0.01
13435,0.0,13435,johnspi01,johnspi01,2021,Pierce Johnson,0.0,0.0
13449,0.0,13449,rogerta01,rogerta01,2021,Taylor Rogers,0.0,0.0
13470,0.0,13470,simslu01,simslu01,2021,Lucas Sims,-0.03,0.03
13475,0.0,13475,norrida01,norrida01,2021,Daniel Norris,-0.02,0.02
13549,0.0,13549,rodriri05,rodriri05,2021,Richard Rodriguez,0.0,0.0
13580,0.0,13580,okertst01,okertst01,2021,Steven Okert,-0.04,0.04
13594,0.0,13594,stephro01,stephro01,2021,Robert Stephenson,0.0,0.0
13606,0.0,13606,morimsh01,morimsh01,2021,Shawn Morimando,-0.03,0.03
13607,0.0,13607,edwarca01,edwarca01,2021,Carl Edwards Jr.,0.0,0.0
13619,0.0,13619,junisja01,junisja01,2021,Jakob Junis,-0.02,0.02
13649,0.0,13649,holmecl01,holmecl01,2021,Clay Holmes,-0.01,0.01
13654,0.0,13654,cottojh01,cottojh01,2021,Jharel Cotton,0.0,0.0
13677,0.0,13677,oswalco01,oswalco01,2021,Corey Oswalt,0.03,-0.03
13690,0.0,13690,romansa01,romansa01,2021,Sal Romano,-0.03,0.03
13713,0.0,13713,barraky01,barraky01,2021,Kyle Barraclough,0.0,0.0
13758,0.0,13758,duffety01,duffety01,2021,Tyler Duffey,0.0,0.0
13761,0.0,13761,stratch01,stratch01,2021,Chris Stratton,-0.02,0.02
13763,0.0,13763,leonedo01,leonedo01,2021,Dominic Leone,0.0,0.0
13767,0.0,13767,chargjt01,chargjt01,2021,JT Chargois,0.0,0.0
13799,0.0,13799,strahma01,strahma01,2021,Matt Strahm,0.0,0.0
13801,0.0,13801,adamsau02,adamsau02,2021,Austin Adams,0.0,0.0
13892,0.0,13892,sewalpa01,sewalpa01,2021,Paul Sewald,0.0,0.0
13896,0.0,13896,flexech01,flexech01,2021,Chris Flexen,-0.03,0.03
13942,0.0,13942,suterbr01,suterbr01,2021,Brent Suter,-0.05,0.05
14078,0.0,14078,wachami01,wachami01,2021,Michael Wacha,-0.03,0.03
14120,0.0,14120,mcculla02,mcculla02,2021,Lance McCullers Jr.,-0.06,0.06
14168,0.0,14168,berrijo01,berrijo01,2021,Jose Berrios,-0.07,0.07
14169,0.0,14169,zimmeky01,zimmeky01,2021,Kyle Zimmer,0.0,0.0
14212,0.0,14212,haderjo01,haderjo01,2021,Josh Hader,0.0,0.0
14295,0.0,14295,peralwa01,peralwa01,2021,Wandy Peralta,0.0,0.0
14309,0.0,14309,montafr02,montafr02,2021,Frankie Montas,-0.04,0.04
14332,0.0,14332,payamjo01,payamjo01,2021,Joel Payamps,0.0,0.0
14374,0.0,14374,glasnty01,glasnty01,2021,Tyler Glasnow,-0.02,0.02
14375,0.0,14375,garream01,garream01,2021,Amir Garrett,0.0,0.0
14444,0.0,14444,ryuhy01,ryuhy01,2021,Hyun Jin Ryu,-0.05,0.05
14457,0.0,14457,conlead01,conlead01,2021,Adam Conley,0.0,0.0
14506,0.0,14506,wendejb01,wendejb01,2021,J.B. Wendelken,0.0,0.0
14527,0.0,14527,lopezjo02,lopezjo02,2021,Jorge Lopez,-0.02,0.02
14542,0.0,14542,estevca01,estevca01,2021,Carlos Estevez,0.0,0.0
14552,0.0,14552,ruizjo01,ruizjo01,2021,Jose Ruiz,-0.01,0.01
14605,0.0,14605,hoytja01,hoytja01,2021,James Hoyt,0.0,0.0
14646,0.0,14646,wickro01,wickro01,2021,Rowan Wick,0.0,0.0
14665,0.0,14665,gustaja01,gustaja01,2021,Jandel Gustave,-0.02,0.02
14672,0.0,14672,mapledi01,mapledi01,2021,Dillon Maples,0.0,0.0
14677,0.0,14677,underdu01,underdu01,2021,Duane Underwood Jr.,-0.04,0.04
14678,0.0,14678,lintz02,lintz02,2021,Tzu-Wei Lin,0.0,0.0
14681,0.0,14681,machaan02,machaan02,2021,Andres Machado,0.0,0.0
14696,0.0,14696,kelake01,kelake01,2021,Keone Kela,0.0,0.0
14706,0.0,14706,bandaan01,bandaan01,2021,Anthony Banda,-0.01,0.01
14710,0.0,14710,diazed04,diazed04,2021,Edwin Diaz,0.0,0.0
14771,0.0,14771,paganem01,paganem01,2021,Emilio Pagan,-0.02,0.02
14843,0.0,14843,lorenmi01,lorenmi01,2021,Michael Lorenzen,0.0,0.0
14857,0.0,14857,mantijo01,mantijo01,2021,Joe Mantiply,0.0,0.0
14862,0.0,14862,godleza01,godleza01,2021,Zack Godley,0.02,-0.02
14899,0.0,14899,willita01,willita01,2021,Taylor Williams,0.0,0.0
14966,0.0,14966,moronre01,moronre01,2021,Reyes Moronta,0.0,0.0
14974,0.0,14974,webbty01,webbty01,2021,Tyler Webb,-0.01,0.01
14986,0.0,14986,gallegi01,gallegi01,2021,Giovanny Gallegos,0.0,0.0
14993,0.0,14993,barlosc01,barlosc01,2021,Scott Barlow,0.0,0.0
15007,0.0,15007,riosya01,riosya01,2021,Yacksel Rios,0.0,0.0
15009,0.0,15009,finneky01,finneky01,2021,Kyle Finnegan,0.0,0.0
15010,0.0,15010,knebeco01,knebeco01,2021,Corey Knebel,-0.02,0.02
15015,0.0,15015,reyesal02,reyesal02,2021,Alex Reyes,-0.01,0.01
15042,0.0,15042,mayzati01,mayzati01,2021,Tim Mayza,0.0,0.0
15043,0.0,15043,trivilo01,trivilo01,2021,Lou Trivino,0.0,0.0
15068,0.0,15068,almonye01,almonye01,2021,Yency Almonte,-0.04,0.04
15071,0.0,15071,mcgowky01,mcgowky01,2021,Kyle McGowin,-0.01,0.01
15118,0.0,15118,sherfji01,sherfji01,2021,James Sherfy,-0.01,0.01
15145,0.0,15145,topaju01,topaju01,2021,Justin Topa,-0.01,0.01
15231,0.0,15231,slegeaa01,slegeaa01,2021,Aaron Slegers,0.0,0.0
15256,0.0,15256,sulseco01,sulseco01,2021,Cole Sulser,0.0,0.0
15264,0.0,15264,middlke01,middlke01,2021,Keynan Middleton,0.0,0.0
15288,0.0,15288,cimbead01,cimbead01,2021,Adam Cimber,-0.02,0.02
15290,0.0,15290,pruitau01,pruitau01,2021,Austin Pruitt,0.0,0.0
15451,0.0,15451,mayermi01,mayermi01,2021,Mike Mayers,0.0,0.0
15454,0.0,15454,pivetni01,pivetni01,2021,Nick Pivetta,-0.02,0.02
15467,0.0,15467,gonzama02,gonzama02,2021,Marco Gonzales,-0.02,0.02
15514,0.0,15514,graveke01,graveke01,2021,Kendall Graveman,0.0,0.0
15535,0.0,15535,odomjo01,odomjo01,2021,Joseph Odom,-0.04,0.04
15538,0.0,15538,yardler01,yardler01,2021,Eric Yardley,0.0,0.0
15541,0.0,15541,rogerty01,rogerty01,2021,Tyler Rogers,0.0,0.0
15552,0.0,15552,greench03,greench03,2021,Chad Green,0.0,0.0
15594,0.0,15594,wittgni01,wittgni01,2021,Nick Wittgren,0.0,0.0
15605,0.0,15605,valdeph01,valdeph01,2021,Phillips Valdez,0.0,0.0
15655,0.0,15655,ramirye01,ramirye01,2021,Yefry Ramirez,-0.03,0.03
15684,0.0,15684,castrmi01,castrmi01,2021,Miguel Castro,0.0,0.0
15761,0.0,15761,jimenjo02,jimenjo02,2021,Joe Jimenez,0.0,0.0
15816,0.0,15816,willide03,willide03,2021,Devin Williams,0.0,0.0
15832,0.0,15832,frypa01,frypa01,2021,Paul Fry,0.0,0.0
15846,0.0,15846,plutkad01,plutkad01,2021,Adam Plutko,0.0,0.0
15855,0.0,15855,suerowa01,suerowa01,2021,Wander Suero,-0.01,0.01
15859,0.0,15859,tarplst01,tarplst01,2021,Stephen Tarpley,0.0,0.0
15947,0.0,15947,stanery01,stanery01,2021,Ryne Stanek,0.0,0.0
15964,0.0,15964,mellake01,mellake01,2021,Keury Mella,0.0,0.0
15979,0.0,15979,bostiak01,bostiak01,2021,Akeem Bostick,0.0,0.0
16058,0.0,16058,crichst01,crichst01,2021,Stefan Crichton,0.0,0.0
16122,0.0,16122,romanjo03,romanjo03,2021,Jordan Romano,0.0,0.0
16125,0.0,16125,ellisch01,ellisch01,2021,Chris Ellis,0.0,0.0
16130,0.0,16130,hessda01,hessda01,2021,David Hess,-0.04,0.04
16137,0.0,16137,rodonca01,rodonca01,2021,Carlos Rodon,-0.03,0.03
16209,0.0,16209,reedja02,reedja02,2021,Jake Reed,-0.01,0.01
16258,0.0,16258,bummeaa01,bummeaa01,2021,Aaron Bummer,0.0,0.0
16265,0.0,16265,howarsa01,howarsa01,2021,Sam Howard,0.0,0.0
16279,0.0,16279,claysa01,claysa01,2021,Sam Clay,-0.02,0.02
16317,0.0,16317,mcraeal01,mcraeal01,2021,Alex McRae,0.0,0.0
16350,0.0,16350,borucry01,borucry01,2021,Ryan Borucki,0.0,0.0
16377,0.0,16377,castery01,castery01,2021,Ryan Castellani,-0.01,0.01
16390,0.0,16390,wieckbr01,wieckbr01,2021,Brad Wieck,0.0,0.0
16400,0.0,16400,lopezre01,lopezre01,2021,Reynaldo Lopez,0.0,0.0
16408,0.0,16408,gonzavi02,gonzavi02,2021,Victor Gonzalez,0.0,0.0
16418,0.0,16418,taylobl01,taylobl01,2021,Blake Taylor,0.0,0.0
16440,0.0,16440,norwoja01,norwoja01,2021,James Norwood,0.0,0.0
16455,0.0,16455,greenco01,greenco01,2021,Conner Greene,0.0,0.0
16470,0.0,16470,ramirro02,ramirro02,2021,Roel Ramirez,0.0,0.0
16502,0.0,16502,yarbrry01,yarbrry01,2021,Ryan Yarbrough,-0.04,0.04
16507,0.0,16507,altavda01,altavda01,2021,Dan Altavilla,0.0,0.0
16511,0.0,16511,montgjo01,montgjo01,2021,Jordan Montgomery,-0.04,0.04
16587,0.0,16587,swanser01,swanser01,2021,Erik Swanson,0.0,0.0
16609,0.0,16609,abreubr01,abreubr01,2021,Bryan Abreu,0.0,0.0
16610,0.0,16610,feyerjo01,feyerjo01,2021,J.P. Feyereisen,0.0,0.0
16647,0.0,16647,thompry02,thompry02,2021,Ryan Thompson,0.0,0.0
16794,0.0,16794,jamesjo02,jamesjo02,2021,Josh James,0.0,0.0
16814,0.0,16814,hillti01,hillti01,2021,Tim Hill,0.0,0.0
16943,0.0,16943,newcose01,newcose01,2021,Sean Newcomb,-0.03,0.03
16958,0.0,16958,jewelja01,jewelja01,2021,Jake Jewell,-0.01,0.01
16981,0.0,16981,beedety01,beedety01,2021,Tyler Beede,0.0,0.0
17002,0.0,17002,hildetr01,hildetr01,2021,Trevor Hildenberger,0.0,0.0
17018,0.0,17018,rodrije01,rodrije01,2021,Jefry Rodriguez,-0.02,0.02
17130,0.0,17130,iglesra01,iglesra01,2021,Raisel Iglesias,0.0,0.0
17149,0.0,17149,germado01,germado01,2021,Domingo German,-0.03,0.03
17181,0.0,17181,lopezyo01,lopezyo01,2021,Yoan López,0.0,0.0
17264,0.0,17264,coonrsa01,coonrsa01,2021,Sam Coonrod,-0.01,0.01
17282,0.0,17282,kopecmi01,kopecmi01,2021,Michael Kopech,-0.01,0.01
17292,0.0,17292,guerrja02,guerrja02,2021,Javy Guerra,0.0,0.0
17295,0.0,17295,valdefr01,valdefr01,2021,Framber Valdez,-0.05,0.05
17355,0.0,17355,santaed01,santaed01,2021,Edgar Santana,-0.01,0.01
17359,0.0,17359,taylojo02,taylojo02,2021,Josh Taylor,0.0,0.0
17369,0.0,17369,martibr01,martibr01,2021,Brett Martin,0.0,0.0
17418,0.0,17418,paulida01,paulida01,2021,David Paulino,0.0,0.0
17485,0.0,17485,abreual01,abreual01,2021,Albert Abreu,0.0,0.0
17490,0.0,17490,cabrege01,cabrege01,2021,Genesis Cabrera,0.0,0.0
17496,0.0,17496,castidi01,castidi01,2021,Diego Castillo,0.0,0.0
17505,0.0,17505,guzmajo04,guzmajo04,2021,Jorge Guzman,0.0,0.0
17536,0.0,17536,burrry01,burrry01,2021,Ryan Burr,0.0,0.0
17556,0.0,17556,hergeji01,hergeji01,2021,Jimmy Herget,0.0,0.0
17583,0.0,17583,diplama01,diplama01,2021,Marcos Diplan,0.0,0.0
17586,0.0,17586,scottta01,scottta01,2021,Tanner Scott,0.0,0.0
17606,0.0,17606,javiecr01,javiecr01,2021,Cristian Javier,0.0,0.0
17610,0.0,17610,raineta01,raineta01,2021,Tanner Rainey,0.0,0.0
17639,0.0,17639,lawreju01,lawreju01,2021,Justin Lawrence,0.0,0.0
17677,0.0,17677,sprinje01,sprinje01,2021,Jeffrey Springs,0.0,0.0
17722,0.0,17722,megiltr01,megiltr01,2021,Trevor Megill,0.0,0.0
17734,0.0,17734,phillev01,phillev01,2021,Evan Phillips,-0.03,0.03
17735,0.0,17735,alexaty01,alexaty01,2021,Tyler Alexander,-0.02,0.02
17755,0.0,17755,smithdr01,smithdr01,2021,Drew Smith,-0.01,0.01
17759,0.0,17759,perdoan01,perdoan01,2021,Angel Perdomo,0.0,0.0
17780,0.0,17780,alvarjo03,alvarjo03,2021,Jose Alvarado,0.0,0.0
17792,0.0,17792,weigepa01,weigepa01,2021,Patrick Weigel,0.0,0.0
17796,0.0,17796,tatedi01,tatedi01,2021,Dillon Tate,0.0,0.0
17874,0.0,17874,cortene01,cortene01,2021,Nestor Cortes Jr.,-0.02,0.02
17878,0.0,17878,santade01,santade01,2021,Dennis Santana,-0.02,0.02
17888,0.0,17888,sauceta01,sauceta01,2021,Tayler Saucedo,0.0,0.0
17948,0.0,17948,thorntr01,thorntr01,2021,Trent Thornton,0.0,0.0
17969,0.0,17969,lambepe01,lambepe01,2021,Peter Lambert,-0.03,0.03
17998,0.0,17998,fairbpe01,fairbpe01,2021,Pete Fairbanks,0.0,0.0
18029,0.0,18029,anderta01,anderta01,2021,Tanner Anderson,-0.05,0.05
18064,0.0,18064,matonph01,matonph01,2021,Phil Maton,-0.01,0.01
18088,0.0,18088,stashco01,stashco01,2021,Cody Stashak,0.0,0.0
18105,0.0,18105,meisiry01,meisiry01,2021,Ryan Meisinger,0.0,0.0
18138,0.0,18138,helslry01,helslry01,2021,Ryan Helsley,0.0,0.0
18140,0.0,18140,flaaja01,flaaja01,2021,Jay Flaa,0.0,0.0
18152,0.0,18152,misiean01,misiean01,2021,Anthony Misiewicz,0.0,0.0
18251,0.0,18251,warrear01,warrear01,2021,Art Warren,0.0,0.0
18282,0.0,18282,garcija04,garcija04,2021,Jarlin Garcia,-0.02,0.02
18297,0.0,18297,kinlety01,kinlety01,2021,Tyler Kinley,0.0,0.0
18311,0.0,18311,fulmeca01,fulmeca01,2021,Carson Fulmer,-0.03,0.03
18323,0.0,18323,sborzjo01,sborzjo01,2021,Josh Sborz,-0.01,0.01
18325,0.0,18325,hearnta01,hearnta01,2021,Taylor Hearn,0.0,0.0
18332,0.0,18332,hanhoer01,hanhoer01,2021,Eric Hanhold,0.0,0.0
18333,0.0,18333,youngal01,youngal01,2021,Alex Young,-0.05,0.05
18335,0.0,18335,staumjo01,staumjo01,2021,Josh Staumont,0.0,0.0
18341,0.0,18341,fernaju02,fernaju02,2021,Julian Fernandez,0.0,0.0
18347,0.0,18347,waddebr01,waddebr01,2021,Brandon Waddell,-0.01,0.01
18356,0.0,18356,barrija01,barrija01,2021,Jaime Barria,-0.03,0.03
18361,0.0,18361,eshelto01,eshelto01,2021,Thomas Eshelman,-0.01,0.01
18384,0.0,18384,effrosc01,effrosc01,2021,Scott Effross,-0.01,0.01
18403,0.0,18403,delosen01,delosen01,2021,Enyel De Los Santos,0.0,0.0
18475,0.0,18475,spitzsh01,spitzsh01,2021,Shea Spitzbarth,0.0,0.0
18496,0.0,18496,fernaju01,fernaju01,2021,Junior Fernandez,-0.01,0.01
18548,0.0,18548,hentgsa01,hentgsa01,2021,Sam Hentges,-0.01,0.01
18555,0.0,18555,allenlo01,allenlo01,2021,Logan Allen,-0.01,0.01
18581,0.0,18581,bergetr01,bergetr01,2021,Travis Bergen,0.0,0.0
18600,0.0,18600,lakintr01,lakintr01,2021,Travis Lakins,0.0,0.0
18655,0.0,18655,minteaj01,minteaj01,2021,A.J. Minter,-0.01,0.01
18694,0.0,18694,allarko01,allarko01,2021,Kolby Allard,-0.02,0.02
18792,0.0,18792,delpomi01,delpomi01,2021,Miguel Del Pozo,0.0,0.0
18806,0.0,18806,steckdr01,steckdr01,2021,Drew Steckenrider,0.0,0.0
18815,0.0,18815,diazmi02,diazmi02,2021,Miguel Diaz,-0.05,0.05
18864,0.0,18864,avilape01,avilape01,2021,Pedro Avila,-0.01,0.01
18873,0.0,18873,burrobe01,burrobe01,2021,Beau Burrows,0.0,0.0
18890,0.0,18890,kelleky01,kelleky01,2021,Kyle Keller,0.0,0.0
19178,0.0,19178,nanceto01,nanceto01,2021,Tommy Nance,-0.02,0.02
19179,0.0,19179,sneadki01,sneadki01,2021,Kirby Snead,0.0,0.0
19191,0.0,19191,duggero01,duggero01,2021,Robert Dugger,0.0,0.0
19192,0.0,19192,sittibr01,sittibr01,2021,Brandyn Sittinger,0.0,0.0
19199,0.0,19199,menezco01,menezco01,2021,Conner Menez,0.0,0.0
19200,0.0,19200,quijajo01,quijajo01,2021,Jose Quijada,0.0,0.0
19231,0.0,19231,baragca01,baragca01,2021,Caleb Baragar,-0.02,0.02
19243,0.0,19243,benjawe01,benjawe01,2021,Wes Benjamin,0.0,0.0
19246,0.0,19246,aguilmi01,aguilmi01,2021,Miguel Aguilar,0.0,0.0
19249,0.0,19249,dominse01,dominse01,2021,Seranthony Dominguez,0.0,0.0
19274,0.0,19274,webbja01,webbja01,2021,Jacob Webb,-0.03,0.03
19276,0.0,19276,garcied01,garcied01,2021,Edgar Garcia,0.0,0.0
19337,0.0,19337,lovelri01,lovelri01,2021,Richard Lovelady,0.0,0.0
19362,0.0,19362,akinke01,akinke01,2021,Keegan Akin,-0.02,0.02
19444,0.0,19444,ramiryo01,ramiryo01,2021,Yohan Ramirez,0.0,0.0
19453,0.0,19453,andersh01,andersh01,2021,Shaun Anderson,0.0,0.0
19454,0.0,19454,ruckemi01,ruckemi01,2021,Michael Rucker,-0.01,0.01
19456,0.0,19456,funkhky01,funkhky01,2021,Kyle Funkhouser,0.0,0.0
19459,0.0,19459,alcaljo01,alcaljo01,2021,Jorge Alcala,0.0,0.0
19482,0.0,19482,vasquan02,vasquan02,2021,Andrew Vasquez,0.0,0.0
19535,0.0,19535,hendrry01,hendrry01,2021,Ryan Hendrix,-0.01,0.01
19545,0.0,19545,nogosst01,nogosst01,2021,Stephen Nogosek,-0.01,0.01
19548,0.0,19548,hammejd01,hammejd01,2021,J.D. Hammer,-0.01,0.01
19558,0.0,19558,hartlge01,hartlge01,2021,Geoff Hartlieb,0.0,0.0
19561,0.0,19561,florebe01,florebe01,2021,Bernardo Flores Jr.,0.0,0.0
19569,0.0,19569,bednada01,bednada01,2021,David Bednar,-0.01,0.01
19574,0.0,19574,romerjo01,romerjo01,2021,JoJo Romero,0.0,0.0
19583,0.0,19583,poppese01,poppese01,2021,Sean Poppen,-0.01,0.01
19608,0.0,19608,lopezot01,lopezot01,2021,Otto Lopez,0.0,0.0
19614,0.0,19614,perezci01,perezci01,2021,Cionel Pérez,-0.03,0.03
19618,0.0,19618,hicksjo03,hicksjo03,2021,Jordan Hicks,0.0,0.0
19634,0.0,19634,krugeja01,krugeja01,2021,Jack Kruger,0.0,0.0
19647,0.0,19647,fostema01,fostema01,2021,Matt Foster,0.0,0.0
19677,0.0,19677,sotogr01,sotogr01,2021,Gregory Soto,0.0,0.0
19682,0.0,19682,sheffjo01,sheffjo01,2021,Jordan Sheffield,0.0,0.0
19712,0.0,19712,murphpa02,murphpa02,2021,Patrick Murphy,-0.01,0.01
19716,0.0,19716,maydu01,maydu01,2021,Dustin May,-0.05,0.05
19731,0.0,19731,whitlko01,whitlko01,2021,Kodi Whitley,0.0,0.0
19742,0.0,19742,bendean01,bendean01,2021,Anthony Bender,-0.02,0.02
19753,0.0,19753,loaisjo01,loaisjo01,2021,Jonathan Loaisiga,0.0,0.0
19766,0.0,19766,elledse01,elledse01,2021,Seth Elledge,-0.02,0.02
19769,0.0,19769,vestwi01,vestwi01,2021,Will Vest,0.0,0.0
19848,0.0,19848,hernada02,hernada02,2021,Darwinzon Hernandez,0.0,0.0
19853,0.0,19853,kingmi01,kingmi01,2021,Michael King,0.0,0.0
19865,0.0,19865,barnech01,barnech01,2021,Charlie Barnes,-0.01,0.01
19866,0.0,19866,bielabr01,bielabr01,2021,Brandon Bielak,0.0,0.0
19867,0.0,19867,cannigr01,cannigr01,2021,Griffin Canning,0.01,-0.01
19868,0.0,19868,carltdr01,carltdr01,2021,Drew Carlton,0.0,0.0
19876,0.0,19876,ginkeke01,ginkeke01,2021,Kevin Ginkel,0.0,0.0
19879,0.0,19879,houckta01,houckta01,2021,Tanner Houck,-0.01,0.01
19881,0.0,19881,kloboga01,kloboga01,2021,Gabe Klobosits,0.0,0.0
19883,0.0,19883,langeal01,langeal01,2021,Alex Lange,0.0,0.0
19903,0.0,19903,medinad01,medinad01,2021,Adonis Medina,-0.01,0.01
19911,0.0,19911,suarejo01,suarejo01,2021,Jose Suarez,-0.01,0.01
19932,0.0,19932,stephtr01,stephtr01,2021,Trevor Stephan,0.0,0.0
19940,0.0,19940,romerjh01,romerjh01,2021,Jhon Romero,0.0,0.0
19996,0.0,19996,leedy01,leedy01,2021,Dylan Lee,0.0,0.0
20000,0.0,20000,wellsty01,wellsty01,2021,Tyler Wells,0.0,0.0
20010,0.0,20010,millswy01,millswy01,2021,Wyatt Mills,0.0,0.0
20038,0.0,20038,mccauda01,mccauda01,2021,Darren McCaughan,-0.02,0.02
20039,0.0,20039,morejad01,morejad01,2021,Adrián Morejón,-0.01,0.01
20045,0.0,20045,guentse01,guentse01,2021,Sean Guenther,0.0,0.0
20074,0.0,20074,sanchmi01,sanchmi01,2021,Miguel Sanchez,0.01,-0.01
20080,0.0,20080,llovema01,llovema01,2021,Mauricio Llovera,0.0,0.0
20151,0.0,20151,karinja01,karinja01,2021,James Karinchak,0.0,0.0
20177,0.0,20177,ticety01,ticety01,2021,Ty Tice,0.0,0.0
20185,0.0,20185,popza01,popza01,2021,Zach Pop,-0.02,0.02
20198,0.0,20198,bowdebe01,bowdebe01,2021,Ben Bowden,0.0,0.0
20203,0.0,20203,morgael01,morgael01,2021,Eli Morgan,-0.02,0.02
20218,0.0,20218,diazye01,diazye01,2021,Yennsy Diaz,-0.01,0.01
20253,0.0,20253,jaxgr01,jaxgr01,2021,Griffin Jax,-0.03,0.03
20312,0.0,20312,bettial01,bettial01,2021,Alec Bettinger,-0.01,0.01
20334,0.0,20334,dohyky01,dohyky01,2021,Kyle Dohy,0.0,0.0
20367,0.0,20367,gratebr01,gratebr01,2021,Brusdar Graterol,-0.02,0.02
20368,0.0,20368,rossora01,rossora01,2021,Ramon Rosso,0.02,-0.02
20369,0.0,20369,mannima02,mannima02,2021,Matt Manning,-0.01,0.01
20370,0.0,20370,zimmebr02,zimmebr02,2021,Bruce Zimmermann,-0.05,0.05
20379,0.0,20379,zuberty01,zuberty01,2021,Tyler Zuber,-0.01,0.01
20383,0.0,20383,santoan02,santoan02,2021,Antonio Santos,0.0,0.0
20399,0.0,20399,maderlu01,maderlu01,2021,Luis Madero,0.01,-0.01
20418,0.0,20418,flemijo01,flemijo01,2021,Josh Fleming,-0.01,0.01
20430,0.0,20430,garciro03,garciro03,2021,Rony Garcia,-0.01,0.01
20476,0.0,20476,solompe01,solompe01,2021,Peter Solomon,0.0,0.0
20491,0.0,20491,bukaujb01,bukaujb01,2021,J.B. Bukauskas,0.0,0.0
20515,0.0,20515,nelsoky01,nelsoky01,2021,Kyle Nelson,0.0,0.0
20517,0.0,20517,sandlni01,sandlni01,2021,Nick Sandlin,0.0,0.0
20617,0.0,20617,mejiaje02,mejiaje02,2021,J.C. Mejia,-0.01,0.01
20633,0.0,20633,kikucyu01,kikucyu01,2021,Yusei Kikuchi,-0.02,0.02
20778,0.0,20778,sanchcr01,sanchcr01,2021,Cristopher Sanchez,0.0,0.0
20794,0.0,20794,rodrima01,rodrima01,2021,Manuel Rodriguez,-0.01,0.01
21025,0.0,21025,ortegol01,ortegol01,2021,Oliver Ortega,0.0,0.0
21032,0.0,21032,claseem01,claseem01,2021,Emmanuel Clase,0.0,0.0
21065,0.0,21065,szaputh01,szaputh01,2021,Thomas Szapucki,-0.01,0.01
21087,0.0,21087,evansde01,evansde01,2021,Demarcus Evans,0.0,0.0
21101,0.0,21101,moretda01,moretda01,2021,Dauri Moreta,0.0,0.0
21111,0.0,21111,yajurmi01,yajurmi01,2021,Miguel Yajure,-0.03,0.03
21139,0.0,21139,paynety01,paynety01,2021,Tyler Payne,-0.05,0.05
21189,0.0,21189,kriskbr01,kriskbr01,2021,Brooks Kriske,0.0,0.0
21197,0.0,21197,nunezda01,nunezda01,2021,Darien Núñez,0.0,0.0
21205,0.0,21205,brogdco01,brogdco01,2021,Connor Brogdon,0.0,0.0
21290,0.0,21290,gilbrlu01,gilbrlu01,2021,Lucas Gilbreath,0.0,0.0
21298,0.0,21298,jacksan01,jacksan01,2021,Andre Jackson,-0.05,0.05
21390,0.0,21390,ryanjo04,ryanjo04,2021,Joe Ryan,-0.02,0.02
21446,0.0,21446,feltnry01,feltnry01,2021,Ryan Feltner,-0.01,0.01
21620,0.0,21620,cousija01,cousija01,2021,Jake Cousins,0.0,0.0
21656,0.0,21656,castrke01,castrke01,2021,Kervin Castro,0.0,0.0
21728,0.0,21728,oviedlu01,oviedlu01,2021,Luis Oviedo,0.0,0.0
21850,0.0,21850,thompma02,thompma02,2021,Mason Thompson,0.0,0.0
21894,0.0,21894,santogr01,santogr01,2021,Gregory Santos,0.0,0.0
21992,0.0,21992,dovalca01,dovalca01,2021,Camilo Doval,0.0,0.0
21997,0.0,21997,friaslu01,friaslu01,2021,Luis Frias,0.0,0.0
22036,0.0,22036,rondoan01,rondoan01,2021,Angel Rondon,0.0,0.0
22051,0.0,22051,kingjo01,kingjo01,2021,John King,-0.01,0.01
22052,0.0,22052,fletcaa01,fletcaa01,2021,Aaron Fletcher,0.0,0.0
22092,0.0,22092,tylerky01,tylerky01,2021,Kyle Tyler,0.0,0.0
22192,0.0,22192,crousha01,crousha01,2021,Hans Crouse,-0.01,0.01
22267,0.0,22267,skubata01,skubata01,2021,Tarik Skubal,-0.03,0.03
22296,0.0,22296,barlojo01,barlojo01,2021,Joe Barlow,0.0,0.0
22310,0.0,22310,rodrich01,rodrich01,2021,Chris Rodriguez,0.0,0.0
22713,0.0,22713,hernaca04,hernaca04,2021,Carlos Hernandez,-0.05,0.05
22810,0.0,22810,contrro01,contrro01,2021,Roansy Contreras,0.0,0.0
22925,0.0,22925,adonjo01,adonjo01,2021,Joan Adon,-0.02,0.02
23292,0.0,23292,naughpa01,naughpa01,2021,Packy Naughton,-0.01,0.01
23293,0.0,23293,heuerco01,heuerco01,2021,Codi Heuer,0.0,0.0
23310,0.0,23310,jonesda07,jonesda07,2021,Damon Jones,0.0,0.0
23592,0.0,23592,degeubr01,degeubr01,2021,Brett de Geus,0.0,0.0
23798,0.0,23798,dobnara01,dobnara01,2021,Randy Dobnak,0.0,0.0
24671,0.0,24671,wilsoco01,wilsoco01,2021,Cody Wilson,0.0,0.0
24933,0.0,24933,wantzan01,wantzan01,2021,Andrew Wantz,0.0,0.0
24937,0.0,24937,warreau01,warreau01,2021,Austin Warren,0.0,0.0
25376,0.0,25376,mearsni01,mearsni01,2021,Nick Mears,-0.01,0.01
26410,0.0,26410,manoaal01,manoaal01,2021,Alek Manoah,-0.01,0.01
27463,0.0,27463,crochga01,crochga01,2021,Garrett Crochet,0.0,0.0
27498,0.0,27498,stridsp01,stridsp01,2021,Spencer Strider,-0.02,0.02
27505,0.0,27505,arihako01,arihako01,2021,Kohei Arihara,-0.02,0.02
27513,0.0,27513,yanghy01,yanghy01,2021,Hyeon-jong Yang,0.0,0.0
27515,0.0,27515,sawamhi01,sawamhi01,2021,Hirokazu Sawamura,0.0,0.0
5486,-0.1,5486,almonab01,almonab01,2021,Abraham Almonte,-0.82,0.72
18848,-0.1,18848,pozoyo01,pozoyo01,2021,Yohel Pozo,-0.08,-0.020000000000000004
14523,-0.1,14523,severpe01,severpe01,2021,Pedro Severino,0.94,-1.04
14503,-0.1,14503,nunezre01,nunezre01,2021,Renato Nunez,-0.17,0.07
19252,-0.1,19252,biggica01,biggica01,2021,Cavan Biggio,0.37,-0.47
19331,-0.1,19331,rojasjo02,rojasjo02,2021,Jose Rojas,-0.52,0.42000000000000004
19533,-0.1,19533,jonesta01,jonesta01,2021,Taylor Jones,0.09,-0.19
16530,-0.1,16530,dubonma01,dubonma01,2021,Mauricio Dubon,0.37,-0.47
17321,-0.1,17321,chavimi01,chavimi01,2021,Michael Chavis,-0.30000000000000004,0.20000000000000004
12005,-0.1,12005,martini02,martini02,2021,Nick Martini,-0.23,0.13
21987,-0.1,21987,castrro01,castrro01,2021,Rodolfo Castro,-0.39,0.29000000000000004
19890,-0.1,19890,riverem01,riverem01,2021,Emmanuel Rivera,0.32,-0.42000000000000004
5409,-0.1,5409,sandopa01,sandopa01,2021,Pablo Sandoval,-0.23,0.13
17326,-0.1,17326,tuckeco01,tuckeco01,2021,Cole Tucker,-0.5,0.4
19293,-0.1,19293,senzeni01,senzeni01,2021,Nick Senzel,-0.41,0.30999999999999994
18353,-0.1,18353,camerda01,camerda01,2021,Daz Cameron,-0.05,-0.05
17932,-0.1,17932,stevean01,stevean01,2021,Andrew Stevenson,0.09,-0.19
19931,-0.1,19931,willilu01,willilu01,2021,Luke Williams,0.05,-0.15000000000000002
11338,-0.1,11338,sanchad01,sanchad01,2021,Adrian Sanchez,0.14,-0.24000000000000002
19960,-0.1,19960,trammta01,trammta01,2021,Taylor Trammell,-0.33,0.23
16729,-0.1,16729,ogradbr01,ogradbr01,2021,Brian O'Grady,0.08,-0.18
19346,-0.1,19346,whiteel04,whiteel04,2021,Eli White,-0.29,0.18999999999999997
4062,-0.1,4062,fowlede01,fowlede01,2021,Dexter Fowler,-0.18,0.07999999999999999
19710,-0.1,19710,dawsoro01,dawsoro01,2021,Ronnie Dawson,-0.06,-0.04000000000000001
13663,-0.1,13663,lopezja03,lopezja03,2021,Jack Lopez,0.06,-0.16
18142,-0.1,18142,mazeipa01,mazeipa01,2021,Patrick Mazeika,-0.14,0.04000000000000001
14453,-0.1,14453,heinesc01,heinesc01,2021,Scott Heineman,-0.23,0.13
17806,-0.1,17806,bishobr01,bishobr01,2021,Braden Bishop,-0.04,-0.060000000000000005
20321,-0.1,20321,faircst01,faircst01,2021,Stuart Fairchild,-0.02,-0.08
10416,-0.1,10416,tovarwi01,tovarwi01,2021,Wilfredo Tovar,-0.08,-0.020000000000000004
17478,-0.1,17478,stoketr01,stoketr01,2021,Troy Stokes Jr.,0.03,-0.13
16593,-0.1,16593,padloke01,padloke01,2021,Kevin Padlo,-0.09,-0.010000000000000009
19552,-0.1,19552,davisja03,davisja03,2021,Jaylin Davis,-0.05,-0.05
4676,-0.1,4676,mortoch02,mortoch02,2021,Charlie Morton,-0.17,0.07
13074,-0.1,13074,darviyu01,darviyu01,2021,Yu Darvish,-0.06,-0.04000000000000001
13543,-0.1,13543,snellbl01,snellbl01,2021,Blake Snell,-0.09,-0.010000000000000009
19278,-0.1,19278,gutievl01,gutievl01,2021,Vladimir Gutiérrez,-0.14,0.04000000000000001
11156,-0.1,11156,kellyme01,kellyme01,2021,Merrill Kelly,-0.16,0.06
18674,-0.1,18674,woodfja01,woodfja01,2021,Jake Woodford,-0.07,-0.03
11682,-0.1,11682,martica04,martica04,2021,Carlos Martinez,-0.09,-0.010000000000000009
20034,-0.1,20034,owenhu01,owenhu01,2021,Hunter Owen,-0.06,-0.04000000000000001
19800,-0.1,19800,crowewi01,crowewi01,2021,Wil Crowe,-0.18,0.07999999999999999
17859,-0.1,17859,alzolad01,alzolad01,2021,Adbert Alzolay,-0.21,0.10999999999999999
19266,-0.1,19266,widenta01,widenta01,2021,Taylor Widener,-0.07,-0.03
22165,-0.1,22165,viladry01,viladry01,2021,Ryan Vilade,-0.12,0.01999999999999999
23559,-0.1,23559,dorowry01,dorowry01,2021,Ryan Dorow,-0.11,0.009999999999999995
16933,-0.1,16933,hernael01,hernael01,2021,Elieser Hernandez,-0.08,-0.020000000000000004
14975,-0.1,14975,kuhlch01,kuhlch01,2021,Chad Kuhl,-0.12,0.01999999999999999
24580,-0.1,24580,grayjo03,grayjo03,2021,Josiah Gray,-0.13,0.03
8223,-0.1,8223,anderbr04,anderbr04,2021,Brett Anderson,-0.24,0.13999999999999999
16929,-0.1,16929,toussto01,toussto01,2021,Touki Toussaint,-0.11,0.009999999999999995
9803,-0.1,9803,mikolmi01,mikolmi01,2021,Miles Mikolas,-0.06,-0.04000000000000001
19320,-0.1,19320,lucchjo01,lucchjo01,2021,Joey Lucchesi,-0.06,-0.04000000000000001
18699,-0.1,18699,neideni01,neideni01,2021,Nick Neidert,-0.06,-0.04000000000000001
18510,-0.1,18510,rogerjo01,rogerjo01,2021,Josh Rogers,-0.07,-0.03
7410,-0.1,7410,happja01,happja01,2021,J.A. Happ,-0.1,0.0
19225,-0.1,19225,whitemi03,whitemi03,2021,Mitch White,-0.13,0.03
2608,-0.1,2608,chacijh01,chacijh01,2021,Jhoulys Chacin,-0.09,-0.010000000000000009
5221,-0.1,5221,leblawa01,leblawa01,2021,Wade LeBlanc,-0.14,0.04000000000000001
7349,-0.1,7349,kazmase01,kazmase01,2021,Sean Kazmar Jr.,-0.08,-0.020000000000000004
7593,-0.1,7593,lylesjo01,lylesjo01,2021,Jordan Lyles,-0.07,-0.03
10021,-0.1,10021,minormi01,minormi01,2021,Mike Minor,-0.08,-0.020000000000000004
10882,-0.1,10882,hoyinja01,hoyinja01,2021,Jared Hoying,-0.08,-0.020000000000000004
11341,-0.1,11341,nolinse01,nolinse01,2021,Sean Nolin,-0.07,-0.03
11486,-0.1,11486,rayro02,rayro02,2021,Robbie Ray,-0.06,-0.04000000000000001
11490,-0.1,11490,sanchaa01,sanchaa01,2021,Aaron Sanchez,-0.11,0.009999999999999995
11713,-0.1,11713,harvema01,harvema01,2021,Matt Harvey,-0.07,-0.03
13164,-0.1,13164,rodried05,rodried05,2021,Eduardo Rodriguez,-0.1,0.0
13273,-0.1,13273,stripro01,stripro01,2021,Ross Stripling,-0.07,-0.03
13339,-0.1,13339,sampsad01,sampsad01,2021,Adrian Sampson,-0.15,0.04999999999999999
13595,-0.1,13595,arteahu01,arteahu01,2021,Humberto Arteaga,-0.1,0.0
15734,-0.1,15734,kellebr01,kellebr01,2021,Brad Keller,-0.08,-0.020000000000000004
16098,-0.1,16098,gushuta01,gushuta01,2021,Taylor Gushue,-0.11,0.009999999999999995
16110,-0.1,16110,ponceda01,ponceda01,2021,Daniel Ponce de Leon,-0.05,-0.05
16128,-0.1,16128,curtijo02,curtijo02,2021,John Curtiss,-0.07,-0.03
17732,-0.1,17732,crismna01,crismna01,2021,Nabil Crismatt,-0.09,-0.010000000000000009
17920,-0.1,17920,ponceco01,ponceco01,2021,Cody Ponce,-0.08,-0.020000000000000004
17964,-0.1,17964,gilbety01,gilbety01,2021,Tyler Gilbert,-0.1,0.0
18425,-0.1,18425,amburtr01,amburtr01,2021,Trey Amburgey,-0.05,-0.05
19427,-0.1,19427,biebesh01,biebesh01,2021,Shane Bieber,-0.05,-0.05
19754,-0.1,19754,sanmare01,sanmare01,2021,Reiver Sanmartin,-0.08,-0.020000000000000004
19805,-0.1,19805,castada01,castada01,2021,Daniel Castano,-0.04,-0.060000000000000005
19871,-0.1,19871,davidtu01,davidtu01,2021,Tucker Davidson,-0.07,-0.03
20070,-0.1,20070,falteba01,falteba01,2021,Bailey Falter,-0.06,-0.04000000000000001
20501,-0.1,20501,hurstsc01,hurstsc01,2021,Scott Hurst,-0.12,0.01999999999999999
21455,-0.1,21455,bubickr01,bubickr01,2021,Kris Bubic,-0.06,-0.04000000000000001
21541,-0.1,21541,knehrre01,knehrre01,2021,Reiss Knehr,-0.11,0.009999999999999995
22248,-0.1,22248,campbpa02,campbpa02,2021,Paul Campbell,-0.06,-0.04000000000000001
23735,-0.1,23735,garcilu05,garcilu05,2021,Luis Garcia,-0.05,-0.05
14221,-0.2,14221,solerjo01,solerjo01,2021,Jorge Soler,-0.30000000000000004,0.10000000000000003
16909,-0.2,16909,moranco01,moranco01,2021,Colin Moran,-0.02,-0.18000000000000002
15679,-0.2,15679,tellero01,tellero01,2021,Rowdy Tellez,-0.49,0.29
1177,-0.2,1177,pujolal01,pujolal01,2021,Albert Pujols,-0.62,0.42
3086,-0.2,3086,morelmi01,morelmi01,2021,Mitch Moreland,0.0,-0.2
19627,-0.2,19627,rookebr01,rookebr01,2021,Brent Rooker,-0.6,0.39999999999999997
20391,-0.2,20391,garcilu04,garcilu04,2021,Luis Garcia,0.34,-0.54
15117,-0.2,15117,doziehu01,doziehu01,2021,Hunter Dozier,-2.53,2.3299999999999996
15878,-0.2,15878,andujmi01,andujmi01,2021,Miguel Andujar,-0.28,0.08000000000000002
11339,-0.2,11339,marisja01,marisja01,2021,Jake Marisnick,0.24,-0.44
11982,-0.2,11982,shawtr01,shawtr01,2021,Travis Shaw,-0.62,0.42
3892,-0.2,3892,reddijo01,reddijo01,2021,Josh Reddick,-0.4,0.2
16446,-0.2,16446,fargajo01,fargajo01,2021,Johneshwy Fargas,0.06,-0.26
21618,-0.2,21618,bohmal01,bohmal01,2021,Alec Bohm,-1.35,1.1500000000000001
14352,-0.2,14352,brinsle01,brinsle01,2021,Lewis Brinson,0.04,-0.24000000000000002
16959,-0.2,16959,alvared01,alvared01,2021,Eddy Alvarez,0.14,-0.34
19683,-0.2,19683,brossmi01,brossmi01,2021,Mike Brosseau,1.01,-1.21
16953,-0.2,16953,trompch01,trompch01,2021,Chadwick Tromp,-0.16,-0.04000000000000001
10322,-0.2,10322,santada01,santada01,2021,Danny Santana,-0.26,0.06
20056,-0.2,20056,trejoal01,trejoal01,2021,Alan Trejo,0.0,-0.2
14145,-0.2,14145,roberda10,roberda10,2021,Daniel Robertson,-0.29,0.08999999999999997
15274,-0.2,15274,tauchmi01,tauchmi01,2021,Mike Tauchman,-0.05,-0.15000000000000002
15585,-0.2,15585,fordmi01,fordmi01,2021,Mike Ford,-0.29,0.08999999999999997
16925,-0.2,16925,garciar01,garciar01,2021,Aramis Garcia,-0.42,0.21999999999999997
5667,-0.2,5667,souzast01,souzast01,2021,Steven Souza Jr.,-0.16,-0.04000000000000001
4866,-0.2,4866,dysonja01,dysonja01,2021,Jarrod Dyson,0.15,-0.35
17023,-0.2,17023,sierrma01,sierrma01,2021,Magneuris Sierra,0.1,-0.30000000000000004
11287,-0.2,11287,holadbr01,holadbr01,2021,Bryan Holaday,-0.11,-0.09000000000000001
21127,-0.2,21127,lopezal03,lopezal03,2021,Alejo Lopez,-0.28,0.08000000000000002
21735,-0.2,21735,riverse01,riverse01,2021,Sebastian Rivero,-0.25,0.04999999999999999
13854,-0.2,13854,bemboan01,bemboan01,2021,Anthony Bemboom,-0.19,-0.010000000000000009
14555,-0.2,14555,mathiwy01,mathiwy01,2021,Wyatt Mathisen,-0.16,-0.04000000000000001
18482,-0.2,18482,gittech01,gittech01,2021,Chris Gittens,-0.17,-0.03
19878,-0.2,19878,haselad01,haselad01,2021,Adam Haseley,-0.32,0.12
11470,-0.2,11470,wolteto01,wolteto01,2021,Tony Wolters,-0.29,0.08999999999999997
20242,-0.2,20242,smithke05,smithke05,2021,Kevin Smith,-0.31,0.10999999999999999
14388,-0.2,14388,guzmaro01,guzmaro01,2021,Ronald Guzman,-0.21,0.009999999999999981
12198,-0.2,12198,hagerja01,hagerja01,2021,Jake Hager,-0.06000000000000001,-0.14
19250,-0.2,19250,giambtr01,giambtr01,2021,Trent Giambrone,-0.12,-0.08000000000000002
14137,-0.2,14137,lopesti01,lopesti01,2021,Tim Lopes,-0.18,-0.020000000000000018
12174,-0.2,12174,bonifjo01,bonifjo01,2021,Jorge Bonifacio,-0.26,0.06
14330,-0.2,14330,willini01,willini01,2021,Nick Williams,-0.28,0.08000000000000002
16561,-0.2,16561,gombeau01,gombeau01,2021,Austin Gomber,-0.11,-0.09000000000000001
18679,-0.2,18679,peralfr01,peralfr01,2021,Freddy Peralta,-0.2,0.0
16313,-0.2,16313,munozya01,munozya01,2021,Yairo Munoz,-0.19,-0.010000000000000009
17085,-0.2,17085,lopezpa01,lopezpa01,2021,Pablo Lopez,-0.13,-0.07
19909,-0.2,19909,tejedan01,tejedan01,2021,Anderson Tejeda,-0.15,-0.05000000000000002
13050,-0.2,13050,desclan01,desclan01,2021,Anthony DeSclafani,-0.2,0.0
22286,-0.2,22286,rogertr01,rogertr01,2021,Trevor Rogers,-0.16,-0.04000000000000001
19951,-0.2,19951,anderia01,anderia01,2021,Ian Anderson,-0.24,0.03999999999999998
19990,-0.2,19990,wilsobr02,wilsobr02,2021,Bryse Wilson,-0.17,-0.03
13781,-0.2,13781,woodal02,woodal02,2021,Alex Wood,-0.27,0.07
20099,-0.2,20099,paddach01,paddach01,2021,Chris Paddack,-0.23,0.03
12703,-0.2,12703,bauertr01,bauertr01,2021,Trevor Bauer,-0.26,0.06
1890,-0.2,1890,moorema02,moorema02,2021,Matt Moore,-0.22,0.01999999999999999
3448,-0.2,3448,mathije01,mathije01,2021,Jeff Mathis,-0.22,0.01999999999999999
6632,-0.2,6632,carraca01,carraca01,2021,Carlos Carrasco,-0.12,-0.08000000000000002
6895,-0.2,6895,anderch01,anderch01,2021,Chase Anderson,-0.16,-0.04000000000000001
13684,-0.2,13684,gantjo01,gantjo01,2021,John Gant,-0.19,-0.010000000000000009
19528,-0.2,19528,robsoja01,robsoja01,2021,Jacob Robson,-0.19,-0.010000000000000009
19667,-0.2,19667,reksza01,reksza01,2021,Zach Reks,-0.09,-0.11000000000000001
19826,-0.2,19826,smithri01,smithri01,2021,Riley Smith,-0.11,-0.09000000000000001
22175,-0.2,22175,kranima01,kranima01,2021,Max Kranick,-0.16,-0.04000000000000001
2396,-0.3,2396,santaca01,santaca01,2021,Carlos Santana,-0.21,-0.09
10324,-0.3,10324,ozunama01,ozunama01,2021,Marcell Ozuna,-0.19,-0.10999999999999999
5384,-0.3,5384,lagarju01,lagarju01,2021,Juan Lagares,-0.29,-0.010000000000000009
20036,-0.3,20036,paredis01,paredis01,2021,Isaac Paredes,-0.37,0.07
12179,-0.3,12179,francma02,francma02,2021,Maikel Franco,-1.56,1.26
11205,-0.3,11205,eatonad02,eatonad02,2021,Adam Eaton,-0.67,0.37000000000000005
16885,-0.3,16885,fuentjo01,fuentjo01,2021,Joshua Fuentes,0.31,-0.61
8090,-0.3,8090,carpema01,carpema01,2021,Matt Carpenter,-1.05,0.75
9345,-0.3,9345,holtbr01,holtbr01,2021,Brock Holt,0.05,-0.35
15767,-0.3,15767,marmojo01,marmojo01,2021,Jose Marmolejos,-0.69,0.38999999999999996
13185,-0.3,13185,arciaor01,arciaor01,2021,Orlando Arcia,-0.26,-0.03999999999999998
2900,-0.3,2900,perezro02,perezro02,2021,Roberto Perez,-0.12,-0.18
19928,-0.3,19928,mckenry01,mckenry01,2021,Ryan McKenna,-0.19,-0.10999999999999999
11481,-0.3,11481,ramoshe01,ramoshe01,2021,Henry Ramos,-0.53,0.23000000000000004
14477,-0.3,14477,caveja01,caveja01,2021,Jake Cave,-0.84,0.54
17161,-0.3,17161,wallach01,wallach01,2021,Chad Wallach,-0.76,0.46
1159,-0.3,1159,rominan01,rominan01,2021,Andrew Romine,-0.18,-0.12
22871,-0.3,22871,marcatu01,marcatu01,2021,Tucupita Marcano,-0.09,-0.21
9892,-0.3,9892,bruceja01,bruceja01,2021,Jay Bruce,-0.34,0.040000000000000036
19961,-0.3,19961,welkeco01,welkeco01,2021,Colton Welker,-0.37,0.07
11241,-0.3,11241,freemmi01,freemmi01,2021,Mike Freeman,-0.46,0.16000000000000003
17098,-0.3,17098,fowledu01,fowledu01,2021,Dustin Fowler,-0.36,0.06
16042,-0.3,16042,paytoma01,paytoma01,2021,Mark Payton,-0.34,0.040000000000000036
15808,-0.3,15808,godoyjo01,godoyjo01,2021,Jose Godoy,-0.13,-0.16999999999999998
19577,-0.3,19577,heathni01,heathni01,2021,Nick Heath,-0.35,0.04999999999999999
19956,-0.3,19956,moniami01,moniami01,2021,Mickey Moniak,-0.34,0.040000000000000036
14916,-0.3,14916,grayjo02,grayjo02,2021,Jon Gray,-0.32,0.020000000000000018
5751,-0.3,5751,perezhe01,perezhe01,2021,Hernan Perez,-0.36,0.06
16358,-0.3,16358,mahlety01,mahlety01,2021,Tyler Mahle,-0.36,0.06
19952,-0.3,19952,leekh01,leekh01,2021,Khalil Lee,-0.36,0.06
18433,-0.3,18433,higgipj01,higgipj01,2021,P.J. Higgins,-0.38,0.08000000000000002
4243,-0.3,4243,lobatjo01,lobatjo01,2021,Jose Lobaton,-0.26,-0.03999999999999998
18684,-0.3,18684,alcansa01,alcansa01,2021,Sandy Alcantara,-0.25,-0.04999999999999999
11760,-0.3,11760,smylydr01,smylydr01,2021,Drew Smyly,-0.39,0.09000000000000002
14556,-0.3,14556,morofma01,morofma01,2021,Max Moroff,-0.3,0.0
14950,-0.3,14950,camarjo01,camarjo01,2021,Johan Camargo,-0.36,0.06
17975,-0.3,17975,kingesc01,kingesc01,2021,Scott Kingery,-0.52,0.22000000000000003
13834,-0.3,13834,millsal02,millsal02,2021,Alec Mills,-0.34,0.040000000000000036
13774,-0.3,13774,eflinza01,eflinza01,2021,Zach Eflin,-0.3,0.0
4892,-0.4,4892,moustmi01,moustmi01,2021,Mike Moustakas,-1.0,0.6
1433,-0.4,1433,ramoswi01,ramoswi01,2021,Wilson Ramos,-0.4,0.0
8553,-0.4,8553,parrage01,parrage01,2021,Gerardo Parra,-0.46,0.06
8259,-0.4,8259,suzukku01,suzukku01,2021,Kurt Suzuki,-0.43,0.02999999999999997
9112,-0.4,9112,daviskh01,daviskh01,2021,Khris Davis,-0.35,-0.050000000000000044
17338,-0.4,17338,castrwi01,castrwi01,2021,Willi Castro,-0.66,0.26
16686,-0.4,16686,vosleja01,vosleja01,2021,Jason Vosler,-0.79,0.39
16852,-0.4,16852,nogowjo01,nogowjo01,2021,John Nogowski,-0.30000000000000004,-0.09999999999999998
7927,-0.4,7927,sogarer01,sogarer01,2021,Eric Sogard,-0.67,0.27
19267,-0.4,19267,craigwi01,craigwi01,2021,Will Craig,-0.56,0.16000000000000003
19858,-0.4,19858,rengilu01,rengilu01,2021,Luis Rengifo,-0.4,0.0
5491,-0.4,5491,rominau01,rominau01,2021,Austin Romine,-0.29,-0.11000000000000004
18054,-0.4,18054,haggesa01,haggesa01,2021,Sam Haggerty,-0.25,-0.15000000000000002
19354,-0.4,19354,raleylu01,raleylu01,2021,Luke Raley,-0.52,0.12
14103,-0.4,14103,ruizri01,ruizri01,2021,Rio Ruiz,-0.6,0.19999999999999996
19968,-0.4,19968,olivaja01,olivaja01,2021,Jared Oliva,-0.49,0.08999999999999997
9393,-0.4,9393,adamsma01,adamsma01,2021,Matt Adams,-0.25,-0.15000000000000002
16256,-0.4,16256,freelky01,freelky01,2021,Kyle Freeland,0.19,-0.5900000000000001
15104,-0.4,15104,davisjo05,davisjo05,2021,Jonathan Davis,-0.41000000000000003,0.010000000000000009
12225,-0.4,12225,schebsc01,schebsc01,2021,Scott Schebler,-0.35,-0.050000000000000044
17684,-0.4,17684,machivi01,machivi01,2021,Vimael Machin,-0.33,-0.07
785,-0.4,785,frazito01,frazito01,2021,Todd Frazier,-0.39,-0.010000000000000009
19872,-0.4,19872,deichgr01,deichgr01,2021,Greg Deichmann,-0.36,-0.040000000000000036
5223,-0.4,5223,maybica01,maybica01,2021,Cameron Maybin,-0.32,-0.08000000000000002
17425,-0.4,17425,feddeer01,feddeer01,2021,Erick Fedde,-0.39,-0.010000000000000009
19392,-0.5,19392,mckinza01,mckinza01,2021,Zach McKinstry,-0.84,0.33999999999999997
15653,-0.5,15653,smithdo02,smithdo02,2021,Dominic Smith,-0.66,0.16000000000000003
15170,-0.5,15170,vanmejo01,vanmejo01,2021,Josh VanMeter,-0.19,-0.31
16542,-0.5,16542,longsh01,longsh01,2021,Shed Long,-0.25,-0.25
12950,-0.5,12950,evansph01,evansph01,2021,Phillip Evans,-0.37,-0.13
18363,-0.5,18363,roblevi01,roblevi01,2021,Victor Robles,-0.17,-0.32999999999999996
14553,-0.5,14553,mazarno01,mazarno01,2021,Nomar Mazara,-0.31,-0.19
24617,-0.5,24617,duranja01,duranja01,2021,Jarren Duran,-0.68,0.18000000000000005
10847,-0.5,10847,simmoan01,simmoan01,2021,Andrelton Simmons,1.47,-1.97
17736,-0.5,17736,martiri01,martiri01,2021,Richie Martin,-0.98,0.48
27461,-0.5,27461,akiyash01,akiyash01,2021,Shogo Akiyama,-1.09,0.5900000000000001
17276,-0.5,17276,jacksal02,jacksal02,2021,Alex Jackson,-0.5,0.0
19873,-0.5,19873,ellisdr01,ellisdr01,2021,Drew Ellis,-0.73,0.22999999999999998
12284,-0.5,12284,smithke04,smithke04,2021,Kevan Smith,-0.88,0.38
15994,-0.5,15994,wongke01,wongke01,2021,Kean Wong,-0.55,0.050000000000000044
18316,-0.5,18316,riosed01,riosed01,2021,Edwin Rios,-0.77,0.27
17723,-0.5,17723,boltsk01,boltsk01,2021,Skye Bolt,-0.6,0.09999999999999998
20536,-0.5,20536,brujavi01,brujavi01,2021,Vidal Brujan,-0.62,0.12
15488,-0.5,15488,senzaan01,senzaan01,2021,Antonio Senzatela,-0.46,-0.03999999999999998
18839,-0.6,18839,naylojo01,naylojo01,2021,Josh Naylor,0.25,-0.85
17838,-0.6,17838,calhowi01,calhowi01,2021,Willie Calhoun,-0.3,-0.3
13367,-0.6,13367,piscost01,piscost01,2021,Stephen Piscotty,-0.65,0.050000000000000044
17468,-0.6,17468,gutieke01,gutieke01,2021,Kelvin Gutierrez,-0.08999999999999997,-0.51
14593,-0.6,14593,boteda01,boteda01,2021,David Bote,-0.56,-0.039999999999999925
18136,-0.6,18136,tomka01,tomka01,2021,Ka'ai Tom,-0.54,-0.05999999999999994
5273,-0.6,5273,leonsa01,leonsa01,2021,Sandy Leon,-0.76,0.16000000000000003
19635,-0.6,19635,neusesh01,neusesh01,2021,Sheldon Neuse,-0.48,-0.12
3353,-0.6,3353,joycema01,joycema01,2021,Matt Joyce,-0.48,-0.12
15694,-0.6,15694,siscoch01,siscoch01,2021,Chance Sisco,-0.27,-0.32999999999999996
13167,-0.6,13167,garciro02,garciro02,2021,Robel Garcia,-0.79,0.19000000000000006
16041,-0.6,16041,wilkest01,wilkest01,2021,Stevie Wilkerson,-0.48,-0.12
18872,-0.6,18872,jonesja08,jonesja08,2021,Jahmai Jones,-0.62,0.020000000000000018
12970,-0.6,12970,musgrjo01,musgrjo01,2021,Joe Musgrove,-0.04,-0.5599999999999999
14109,-0.6,14109,almoral01,almoral01,2021,Albert Almora,-0.66,0.06000000000000005
22217,-0.6,22217,campulu01,campulu01,2021,Luis Campusano,-0.54,-0.05999999999999994
1744,-0.7,1744,cabremi01,cabremi01,2021,Miguel Cabrera,-0.51,-0.18999999999999995
19181,-0.7,19181,colliza01,colliza01,2021,Zack Collins,-0.5,-0.19999999999999996
10815,-0.7,10815,profaju01,profaju01,2021,Jurickson Profar,0.02,-0.72
16442,-0.7,16442,ohearry01,ohearry01,2021,Ryan O'Hearn,-0.92,0.22000000000000008
14968,-0.7,14968,caratvi01,caratvi01,2021,Victor Caratini,-0.03,-0.6699999999999999
19958,-0.7,19958,kieboca01,kieboca01,2021,Carter Kieboom,-0.99,0.29000000000000004
22558,-0.7,22558,kelenja01,kelenja01,2021,Jarred Kelenic,-1.8,1.1
5497,-0.7,5497,gonzama01,gonzama01,2021,Marwin Gonzalez,-0.8300000000000001,0.13000000000000012
17922,-0.7,17922,diazis01,diazis01,2021,Isan Diaz,-1.43,0.73
15194,-0.7,15194,bauerja01,bauerja01,2021,Jake Bauers,-0.19,-0.51
13369,-0.7,13369,gonzaer01,gonzaer01,2021,Erik Gonzalez,-0.4,-0.29999999999999993
20003,-0.7,20003,hiurake01,hiurake01,2021,Keston Hiura,-0.99,0.29000000000000004
19562,-0.7,19562,shortza01,shortza01,2021,Zack Short,-0.48,-0.21999999999999997
15124,-0.7,15124,locasti01,locasti01,2021,Tim Locastro,-0.8600000000000001,0.16000000000000014
20233,-0.7,20233,celesgi01,celesgi01,2021,Gilberto Celestino,-0.3,-0.39999999999999997
20078,-0.7,20078,whiteev01,whiteev01,2021,Evan White,-0.63,-0.06999999999999995
19948,-0.7,19948,pachecr01,pachecr01,2021,Cristian Pache,-0.69,-0.010000000000000009
18881,-0.7,18881,terrycu01,terrycu01,2021,Curtis Terry,-0.72,0.020000000000000018
3411,-0.7,3411,buterdr01,buterdr01,2021,Drew Butera,-0.53,-0.16999999999999993
3137,-0.7,3137,scherma01,scherma01,2021,Max Scherzer,-0.73,0.030000000000000027
15608,-0.8,15608,astudwi01,astudwi01,2021,Willians Astudillo,-0.75,-0.050000000000000044
13744,-0.8,13744,dahlda01,dahlda01,2021,David Dahl,-0.95,0.1499999999999999
15998,-0.8,15998,bellico01,bellico01,2021,Cody Bellinger,-1.54,0.74
15490,-0.8,15490,williju02,williju02,2021,Justin Williams,-0.56,-0.24
12984,-0.8,12984,bradlja02,bradlja02,2021,Jackie Bradley Jr.,-0.66,-0.14
14567,-0.8,14567,cordefr02,cordefr02,2021,Franchy Cordero,-0.67,-0.13
13324,-0.8,13324,vargail01,vargail01,2021,Ildemaro Vargas,-0.36,-0.44000000000000006
15983,-0.9,15983,frazicl01,frazicl01,2021,Clint Frazier,-1.41,0.5099999999999999
15271,-0.9,15271,wynnsau01,wynnsau01,2021,Austin Wynns,-0.59,-0.31000000000000005
12977,-0.9,12977,perezmi03,perezmi03,2021,Michael Perez,-0.74,-0.16000000000000003
16404,-0.9,16404,leybado01,leybado01,2021,Domingo Leyba,-1.17,0.2699999999999999
14885,-1.0,14885,valaipa01,valaipa01,2021,Pat Valaika,-1.91,0.9099999999999999
19514,-1.0,19514,kniznan01,kniznan01,2021,Andrew Knizner,-0.21,-0.79
14818,-1.0,14818,jonesja07,jonesja07,2021,JaCoby Jones,-0.65,-0.35
24655,-1.1,24655,milleow01,milleow01,2021,Owen Miller,-1.11,0.010000000000000009
14942,-1.1,14942,knappan01,knappan01,2021,Andrew Knapp,-1.47,0.3699999999999999
12907,-1.2,12907,polangr01,polangr01,2021,Gregory Polanco,-1.3,0.10000000000000009
11936,-1.2,11936,panikjo01,panikjo01,2021,Joe Panik,-1.51,0.31000000000000005
